id,conversation_id,created_at,date,time,timezone,user_id,username,name,place,tweet,language,mentions,urls,photos,replies_count,retweets_count,likes_count,hashtags,cashtags,link,retweet,quote_url,video,thumbnail,near,geo,source,user_rt_id,user_rt,retweet_id,reply_to,retweet_date,translate,trans_src,trans_dest
1486361375706386434,1486361375706386434,2022-01-26 15:32:21 UTC,2022-01-26,15:32:21,+0000,107491845,ibmwatsonhealth,IBM Watson Health,,3D printed anatomical models can be used to educate patients and clinicians.   Learn about the benefits and challenges of using it in healthcare and see how our partnership between @RicohTweets is helping to broaden access to #3Dprinting:  https://t.co/iZxiKkQw5T.  https://t.co/cORwJzVYpn,en,"[{'screen_name': 'ricohtweets', 'name': 'ricoh usa', 'id': '266039285'}]",['https://ibm.co/3KOm4ZW'],['https://pbs.twimg.com/media/FKCdyesXIAcNT8m.jpg'],0,3,3,['3dprinting'],[],https://twitter.com/IBMWatsonHealth/status/1486361375706386434,False,,1,https://pbs.twimg.com/media/FKCdyesXIAcNT8m.jpg,,,,,,,[],,,,
1484529009019039776,1484529009019039776,2022-01-21 14:11:11 UTC,2022-01-21,14:11:11,+0000,107491845,ibmwatsonhealth,IBM Watson Health,,Read exciting news about the future of #IBMWatsonHealth:  Francisco Partners invests in healthcare data and analytics:  https://t.co/Cu7YxG3cAr.  https://t.co/HBwLomiX6k,en,[],['https://ibm.co/3tJ8IIB'],['https://pbs.twimg.com/media/FJobRDPXEAAxVJN.jpg'],3,6,10,['ibmwatsonhealth'],[],https://twitter.com/IBMWatsonHealth/status/1484529009019039776,False,,1,https://pbs.twimg.com/media/FJobRDPXEAAxVJN.jpg,,,,,,,[],,,,
1484198149828792320,1484198149828792320,2022-01-20 16:16:28 UTC,2022-01-20,16:16:28,+0000,107491845,ibmwatsonhealth,IBM Watson Health,,"Healthcare analytics can help organizations make fact-based decisions, improve outcomes and chart a course for the future:  https://t.co/WyryNntehy.  https://t.co/bHklHQrYV0",en,[],['https://ibm.co/3tG3jlv'],[],0,0,3,[],[],https://twitter.com/IBMWatsonHealth/status/1484198149828792320,False,,1,https://pbs.twimg.com/amplify_video_thumb/1484198121336836100/img/yi1TsFsKM2bo0bTX.jpg,,,,,,,[],,,,
1478607235370688512,1478607235370688512,2022-01-05 06:00:10 UTC,2022-01-05,06:00:10,+0000,107491845,ibmwatsonhealth,IBM Watson Health,,New Year.   New COVID treatments.   New COVID protocols.   Help your clinicians stay current without spending time researching.    Get a clinical decision support tool that's updated daily:  https://t.co/zbQR22flqR.  https://t.co/ePZRzzvwAY,en,[],['https://ibm.co/3qMfmdX'],['https://pbs.twimg.com/tweet_video_thumb/FIURaLlXsAEuaaA.jpg'],0,0,1,[],[],https://twitter.com/IBMWatsonHealth/status/1478607235370688512,False,,1,https://pbs.twimg.com/tweet_video_thumb/FIURaLlXsAEuaaA.jpg,,,,,,,[],,,,
1473555447156289537,1473555394219941888,2021-12-22 07:26:10 UTC,2021-12-22,07:26:10,+0000,107491845,ibmwatsonhealth,IBM Watson Health,,"3️⃣ IBM #DigitalHealthPass is now integrated into Traveler ID for Safe Travel, @AmadeusITGroup's digital health verification solution 👉  https://t.co/HuqBLz1Eos.  https://t.co/p01AuIn6ys",en,"[{'screen_name': 'amadeusitgroup', 'name': 'amadeus', 'id': '139687250'}]",['https://ibm.co/3Fk52jf'],['https://pbs.twimg.com/media/FHMe3PWWQAAO6sk.jpg'],1,4,6,['digitalhealthpass'],[],https://twitter.com/IBMWatsonHealth/status/1473555447156289537,False,,1,https://pbs.twimg.com/media/FHMe3PWWQAAO6sk.jpg,,,,,,,[],,,,
1473555412456820737,1473555394219941888,2021-12-22 07:26:02 UTC,2021-12-22,07:26:02,+0000,107491845,ibmwatsonhealth,IBM Watson Health,,2️⃣ Innovations in #imaging are helping to put people first 👉  https://t.co/tgnipY0VLY.  https://t.co/hGFixnFdVL,en,[],['https://ibm.co/3edtAOX'],['https://pbs.twimg.com/media/FHMe1fBX0AI9lsU.jpg'],1,2,5,['imaging'],[],https://twitter.com/IBMWatsonHealth/status/1473555412456820737,False,,1,https://pbs.twimg.com/media/FHMe1fBX0AI9lsU.jpg,,,,,,,[],,,,
1473555394219941888,1473555394219941888,2021-12-22 07:25:57 UTC,2021-12-22,07:25:57,+0000,107491845,ibmwatsonhealth,IBM Watson Health,,"As we wrap up 2021, check out 3 of your favorite tweets this year:   1️⃣ How can hospitals use data to address health equity? 👉  https://t.co/T7rGm6WkME.  https://t.co/kow343ENzT",en,[],['https://ibm.co/32qIO0o'],['https://pbs.twimg.com/media/FHMe0QCXEAEExei.jpg'],1,1,2,[],[],https://twitter.com/IBMWatsonHealth/status/1473555394219941888,False,,1,https://pbs.twimg.com/media/FHMe0QCXEAEExei.jpg,,,,,,,[],,,,
1468113049886277632,1468113049886277632,2021-12-07 07:00:01 UTC,2021-12-07,07:00:01,+0000,107491845,ibmwatsonhealth,IBM Watson Health,,Today we proudly honor 22 women and men for their exemplary work — and for going above and beyond to make #IBMWatsonHealth a great place to work. 👏   Meet the 2021 Women of Watson Health award winners and runner-ups 🏆:  https://t.co/78Pf7MVOkX.  https://t.co/lp2gSP8BN4,en,[],['https://ibm.co/3ov92HY'],['https://pbs.twimg.com/media/FF_JCW-XMAA-sEo.jpg'],1,3,19,['ibmwatsonhealth'],[],https://twitter.com/IBMWatsonHealth/status/1468113049886277632,False,,1,https://pbs.twimg.com/media/FF_JCW-XMAA-sEo.jpg,,,,,,,[],,,,
1465938856419676163,1465938856419676163,2021-12-01 07:00:33 UTC,2021-12-01,07:00:33,+0000,107491845,ibmwatsonhealth,IBM Watson Health,,Unlock the full potential of #AI in diagnostic imaging — giving your physicians and IT professionals more confidence and control 👉  https://t.co/HEXy4i4Mmc.  #RSNA21  https://t.co/Gl4tXcm8Do,en,[],['https://ibm.co/3D7kVaX'],[],0,1,2,"['ai', 'rsna21']",[],https://twitter.com/IBMWatsonHealth/status/1465938856419676163,False,,1,https://pbs.twimg.com/amplify_video_thumb/1465938756024815620/img/N3rxvor26k4PmRhi.jpg,,,,,,,[],,,,
1463417297738113028,1463417297738113028,2021-11-24 08:00:47 UTC,2021-11-24,08:00:47,+0000,107491845,ibmwatsonhealth,IBM Watson Health,,"As we head to #RSNA21 to talk about this exciting new era of healthcare technology, we are thankful for the people who use #HealthTech to provide better care for patients:  https://t.co/dOjL1eBcRI  https://t.co/w3H6lmONvq",en,[],['https://ibm.co/3FItqec'],[],0,5,7,"['rsna21', 'healthtech']",[],https://twitter.com/IBMWatsonHealth/status/1463417297738113028,False,,1,https://pbs.twimg.com/amplify_video_thumb/1463417139210211328/img/OjsWeuCR6nHkL-G3.jpg,,,,,,,[],,,,
1463232732096569344,1463175286095323142,2021-11-23 19:47:23 UTC,2021-11-23,19:47:23,+0000,107491845,ibmwatsonhealth,IBM Watson Health,,@stjoes_health Congratulations! 👏,en,[],[],[],0,0,0,[],[],https://twitter.com/IBMWatsonHealth/status/1463232732096569344,False,,0,,,,,,,,"[{'screen_name': 'stjoes_health', 'name': ""St. Joe's Health"", 'id': '267159048'}]",,,,
1463142687620616193,1462837730614951942,2021-11-23 13:49:35 UTC,2021-11-23,13:49:35,+0000,107491845,ibmwatsonhealth,IBM Watson Health,,@hcavirginia @HCAhealthcare Well done! 👏,en,[],[],[],0,0,1,[],[],https://twitter.com/IBMWatsonHealth/status/1463142687620616193,False,,0,,,,,,,,"[{'screen_name': 'hcavirginia', 'name': 'HCA Virginia', 'id': '34271645'}, {'screen_name': 'HCAhealthcare', 'name': 'HCA Healthcare', 'id': '64481865'}]",,,,
1462691208124321792,1461826699012702212,2021-11-22 07:55:34 UTC,2021-11-22,07:55:34,+0000,107491845,ibmwatsonhealth,IBM Watson Health,,@AsanteHS Congratulations! Great work! 👏,en,[],[],[],0,0,0,[],[],https://twitter.com/IBMWatsonHealth/status/1462691208124321792,False,,0,,,,,,,,"[{'screen_name': 'AsanteHS', 'name': 'Asante', 'id': '85458041'}]",,,,
1461435006056755200,1461382724623777795,2021-11-18 20:43:52 UTC,2021-11-18,20:43:52,+0000,107491845,ibmwatsonhealth,IBM Watson Health,,@MedCtrofAurora Congratulations! 👏,en,[],[],[],0,0,0,[],[],https://twitter.com/IBMWatsonHealth/status/1461435006056755200,False,,0,,,,,,,,"[{'screen_name': 'MedCtrofAurora', 'name': 'MedCtrofAurora', 'id': '2571533412'}]",,,,
1461302978715992073,1461097318753742849,2021-11-18 11:59:14 UTC,2021-11-18,11:59:14,+0000,107491845,ibmwatsonhealth,IBM Watson Health,,@saintpats Well done! Congrats! 👍 👏,en,[],[],[],1,0,1,[],[],https://twitter.com/IBMWatsonHealth/status/1461302978715992073,False,,0,,,,,,,,"[{'screen_name': 'saintpats', 'name': 'St. Patrick Hospital', 'id': '36734895'}]",,,,
1460905774113296386,1460744523475210245,2021-11-17 09:40:53 UTC,2021-11-17,09:40:53,+0000,107491845,ibmwatsonhealth,IBM Watson Health,,@BayCare Great work! 👏,en,[],[],[],0,0,0,[],[],https://twitter.com/IBMWatsonHealth/status/1460905774113296386,False,,0,,,,,,,,"[{'screen_name': 'BayCare', 'name': 'BayCare', 'id': '29664315'}]",,,,
1460732220692258821,1460711495633932290,2021-11-16 22:11:15 UTC,2021-11-16,22:11:15,+0000,107491845,ibmwatsonhealth,IBM Watson Health,,@BronsonCEO @FortuneMagazine Congratulations!,en,[],[],[],0,0,0,[],[],https://twitter.com/IBMWatsonHealth/status/1460732220692258821,False,,0,,,,,,,,"[{'screen_name': 'BronsonCEO', 'name': 'Bill Manns', 'id': '992127786759393280'}, {'screen_name': 'FortuneMagazine', 'name': 'FORTUNE', 'id': '25053299'}]",,,,
1460618050420371459,1460601139251101702,2021-11-16 14:37:34 UTC,2021-11-16,14:37:34,+0000,107491845,ibmwatsonhealth,IBM Watson Health,,@StVincentIN Great work! 👏,en,[],[],[],0,0,1,[],[],https://twitter.com/IBMWatsonHealth/status/1460618050420371459,False,,0,,,,,,,,"[{'screen_name': 'StVincentIN', 'name': 'Ascension St. Vincent', 'id': '86058113'}]",,,,
1460613318389944323,1460613318389944323,2021-11-16 14:18:46 UTC,2021-11-16,14:18:46,+0000,107491845,ibmwatsonhealth,IBM Watson Health,,"ANNOUNCING: The #Fortune/IBM Watson Health 50 Top Cardiovascular Hospitals.   With heart disease the #1 cause of death in the U.S., these 50 organizations are saving lives 👉  https://t.co/Xp9ZOffham.   #50TopCardioHospitals  https://t.co/kqmNlW07oH",en,[],['https://ibm.co/3DmdLjT'],['https://pbs.twimg.com/media/FEUkEnrXsAk75KD.png'],0,3,15,"['fortune', '50topcardiohospitals']",[],https://twitter.com/IBMWatsonHealth/status/1460613318389944323,False,,1,https://pbs.twimg.com/media/FEUkEnrXsAk75KD.png,,,,,,,[],,,,
1458343701390970883,1458343701390970883,2021-11-10 08:00:07 UTC,2021-11-10,08:00:07,+0000,107491845,ibmwatsonhealth,IBM Watson Health,,"Health #data should be nimble and insightful, not a burden.   Learn how you can better connect and optimize your data:  https://t.co/dZWbkny7BQ.  https://t.co/0mkdh0ysjL",en,[],['https://ibm.co/3mVqnJ7'],[],0,2,3,['data'],[],https://twitter.com/IBMWatsonHealth/status/1458343701390970883,False,,1,https://pbs.twimg.com/amplify_video_thumb/1458343674702704640/img/EFzDFu1Gla5Vs8o8.jpg,,,,,,,[],,,,
1456681787657228291,1456681787657228291,2021-11-05 17:56:16 UTC,2021-11-05,17:56:16,+0000,107491845,ibmwatsonhealth,IBM Watson Health,,"Over the past decade, the U.S. has become increasingly diverse with the multiracial population growing by 276%.   Join @DankwaIrene for a webinar on the journey of #HealthEquity data and learn why equitable #data collection matters 👉  https://t.co/JFnIh5MCNa.  https://t.co/j0kvVpRcmH",en,"[{'screen_name': 'dankwairene', 'name': 'irene dankwa-mullan md mph', 'id': '3064151895'}]",['https://ibm.co/3o0P8Dd'],['https://pbs.twimg.com/media/FDcsXL3WYAYre-F.png'],0,4,6,"['healthequity', 'data']",[],https://twitter.com/IBMWatsonHealth/status/1456681787657228291,False,,1,https://pbs.twimg.com/media/FDcsXL3WYAYre-F.png,,,,,,,[],,,,
1450113196044468226,1450113196044468226,2021-10-18 14:55:02 UTC,2021-10-18,14:55:02,+0000,107491845,ibmwatsonhealth,IBM Watson Health,,Pharmacy #DrugShortages are nothing new – but what does the future hold? 💊   See 6 predictions for 2022 and beyond from Watson Health and @OrbitalRX ▶️  https://t.co/TZ7yolb8O7.  #NationalPharmacyWeek  https://t.co/Gs8slaiQ2m,en,"[{'screen_name': 'orbitalrx', 'name': 'orbitalrx', 'id': '998931172184023042'}]",['https://ibm.co/3AShMuo'],['https://pbs.twimg.com/media/FB_WQ_wXsAEcrPx.jpg'],0,1,4,"['drugshortages', 'nationalpharmacyweek']",[],https://twitter.com/IBMWatsonHealth/status/1450113196044468226,False,,1,https://pbs.twimg.com/media/FB_WQ_wXsAEcrPx.jpg,,,,,,,[],,,,
1447124748387987456,1447124748387987456,2021-10-10 09:00:00 UTC,2021-10-10,09:00:00,+0000,107491845,ibmwatsonhealth,IBM Watson Health,,"On #WorldMentalHealthDay, we recognize that democratizing access to mental health care could bring benefits that echo worldwide.  Learn how employers and technology can help 👉   https://t.co/WkBtsJRyYK.  https://t.co/Ntwgtz8T3T",en,[],['https://ibm.co/3DpDE28'],['https://pbs.twimg.com/media/FBU4ShhWUAEGaGF.jpg'],0,3,8,['worldmentalhealthday'],[],https://twitter.com/IBMWatsonHealth/status/1447124748387987456,False,,1,https://pbs.twimg.com/media/FBU4ShhWUAEGaGF.jpg,,,,,,,[],,,,
1446128183384764426,1446128183384764426,2021-10-07 15:00:01 UTC,2021-10-07,15:00:01,+0000,107491845,ibmwatsonhealth,IBM Watson Health,,"What will it take to deliver #PriceTransparency in healthcare?  In this #Fortune commentary, Watson Health's Bobbi Coluni shares insights on the challenges — and opportunities — that come with the task.   Read her insights on Fortune's website:  https://t.co/p3beP2Q1kg.",en,[],['https://ibm.co/3oEZpqE'],[],0,1,2,"['pricetransparency', 'fortune']",[],https://twitter.com/IBMWatsonHealth/status/1446128183384764426,False,,0,,,,,,,,[],,,,
1445817017039134727,1445796046987149313,2021-10-06 18:23:33 UTC,2021-10-06,18:23:33,+0000,107491845,ibmwatsonhealth,IBM Watson Health,,"@FortuneMagazine Thank you for the coverage, @FortuneMagazine! Price transparency is hard to do, but worth it for patients who want to know more about their healthcare costs to make more informed decisions.",en,"[{'screen_name': 'fortunemagazine', 'name': 'fortune', 'id': '25053299'}]",[],[],0,0,0,[],[],https://twitter.com/IBMWatsonHealth/status/1445817017039134727,False,,0,,,,,,,,"[{'screen_name': 'FortuneMagazine', 'name': 'FORTUNE', 'id': '25053299'}]",,,,
1445056661950025730,1445056661950025730,2021-10-04 16:02:10 UTC,2021-10-04,16:02:10,+0000,107491845,ibmwatsonhealth,IBM Watson Health,,"Read 3 ways that local, state and federal agencies can make the most of American Rescue Plan Act (#ARPA) funding for community #COVID recovery:  https://t.co/sWEvch4xnX.  https://t.co/Y21pU9bvfC",en,[],['https://ibm.co/3iyQ9jY'],['https://pbs.twimg.com/tweet_video_thumb/FA3fVxTXIAkviFg.jpg'],0,1,3,"['arpa', 'covid']",[],https://twitter.com/IBMWatsonHealth/status/1445056661950025730,False,,1,https://pbs.twimg.com/tweet_video_thumb/FA3fVxTXIAkviFg.jpg,,,,,,,[],,,,
1440723872093904897,1440723832977772549,2021-09-22 17:05:13 UTC,2021-09-22,17:05:13,+0000,107491845,ibmwatsonhealth,IBM Watson Health,,3️⃣  Alexis Mills shares how she converted her summer #internship at Watson Health into a full-time job 👉  https://t.co/5sW4hZpWZf.  https://t.co/SasfTkuZIh,en,[],['https://ibm.co/39IpkVL'],['https://pbs.twimg.com/media/E_56tYhVUAQxR34.jpg'],0,0,2,['internship'],[],https://twitter.com/IBMWatsonHealth/status/1440723872093904897,False,,1,https://pbs.twimg.com/media/E_56tYhVUAQxR34.jpg,,,,,,,[],,,,
1440723847766892550,1440723832977772549,2021-09-22 17:05:07 UTC,2021-09-22,17:05:07,+0000,107491845,ibmwatsonhealth,IBM Watson Health,,"2️⃣  IBM #DigitalHealthPass is now integrated into Traveler ID for Safe Travel, @AmadeusITGroup's digital health verification solution 👉  https://t.co/IWarIjRNht.  https://t.co/mODNtcIeYF",en,"[{'screen_name': 'amadeusitgroup', 'name': 'amadeus', 'id': '139687250'}]",['https://ibm.co/39ui0Ne'],['https://pbs.twimg.com/media/E_56spoUYAAXB6G.jpg'],1,2,4,['digitalhealthpass'],[],https://twitter.com/IBMWatsonHealth/status/1440723847766892550,False,,1,https://pbs.twimg.com/media/E_56spoUYAAXB6G.jpg,,,,,,,[],,,,
1440723832977772549,1440723832977772549,2021-09-22 17:05:03 UTC,2021-09-22,17:05:03,+0000,107491845,ibmwatsonhealth,IBM Watson Health,,"As seasons change, check out your 3 favorite tweets over the past few months:  1️⃣  4 ways healthcare payers can better manage oncology #DrugCosts with data + analytics 👉  https://t.co/MJlaOBjg7M.  https://t.co/T4GBgk7Nf8",en,[],['https://ibm.co/2W0MlzI'],['https://pbs.twimg.com/media/E_56rwBVUBAAN3R.jpg'],1,1,2,['drugcosts'],[],https://twitter.com/IBMWatsonHealth/status/1440723832977772549,False,,1,https://pbs.twimg.com/media/E_56rwBVUBAAN3R.jpg,,,,,,,[],,,,
