id,conversation_id,created_at,date,time,timezone,user_id,username,name,place,tweet,language,mentions,urls,photos,replies_count,retweets_count,likes_count,hashtags,cashtags,link,retweet,quote_url,video,thumbnail,near,geo,source,user_rt_id,user_rt,retweet_id,reply_to,retweet_date,translate,trans_src,trans_dest
1486361375706386434,1486361375706386434,2022-01-26 15:32:21 UTC,2022-01-26,15:32:21,+0000,107491845,ibmwatsonhealth,IBM Watson Health,,3D printed anatomical models can be used to educate patients and clinicians.   Learn about the benefits and challenges of using it in healthcare and see how our partnership between @RicohTweets is helping to broaden access to #3Dprinting:  https://t.co/iZxiKkQw5T.  https://t.co/cORwJzVYpn,en,"[{'screen_name': 'ricohtweets', 'name': 'ricoh usa', 'id': '266039285'}]",['https://ibm.co/3KOm4ZW'],['https://pbs.twimg.com/media/FKCdyesXIAcNT8m.jpg'],0,3,3,['3dprinting'],[],https://twitter.com/IBMWatsonHealth/status/1486361375706386434,False,,1,https://pbs.twimg.com/media/FKCdyesXIAcNT8m.jpg,,,,,,,[],,,,
1484529009019039776,1484529009019039776,2022-01-21 14:11:11 UTC,2022-01-21,14:11:11,+0000,107491845,ibmwatsonhealth,IBM Watson Health,,Read exciting news about the future of #IBMWatsonHealth:  Francisco Partners invests in healthcare data and analytics:  https://t.co/Cu7YxG3cAr.  https://t.co/HBwLomiX6k,en,[],['https://ibm.co/3tJ8IIB'],['https://pbs.twimg.com/media/FJobRDPXEAAxVJN.jpg'],3,6,10,['ibmwatsonhealth'],[],https://twitter.com/IBMWatsonHealth/status/1484529009019039776,False,,1,https://pbs.twimg.com/media/FJobRDPXEAAxVJN.jpg,,,,,,,[],,,,
1484198149828792320,1484198149828792320,2022-01-20 16:16:28 UTC,2022-01-20,16:16:28,+0000,107491845,ibmwatsonhealth,IBM Watson Health,,"Healthcare analytics can help organizations make fact-based decisions, improve outcomes and chart a course for the future:  https://t.co/WyryNntehy.  https://t.co/bHklHQrYV0",en,[],['https://ibm.co/3tG3jlv'],[],0,0,3,[],[],https://twitter.com/IBMWatsonHealth/status/1484198149828792320,False,,1,https://pbs.twimg.com/amplify_video_thumb/1484198121336836100/img/yi1TsFsKM2bo0bTX.jpg,,,,,,,[],,,,
1478607235370688512,1478607235370688512,2022-01-05 06:00:10 UTC,2022-01-05,06:00:10,+0000,107491845,ibmwatsonhealth,IBM Watson Health,,New Year.   New COVID treatments.   New COVID protocols.   Help your clinicians stay current without spending time researching.    Get a clinical decision support tool that's updated daily:  https://t.co/zbQR22flqR.  https://t.co/ePZRzzvwAY,en,[],['https://ibm.co/3qMfmdX'],['https://pbs.twimg.com/tweet_video_thumb/FIURaLlXsAEuaaA.jpg'],0,0,1,[],[],https://twitter.com/IBMWatsonHealth/status/1478607235370688512,False,,1,https://pbs.twimg.com/tweet_video_thumb/FIURaLlXsAEuaaA.jpg,,,,,,,[],,,,
