id,conversation_id,created_at,date,time,timezone,user_id,username,name,place,tweet,language,mentions,urls,photos,replies_count,retweets_count,likes_count,hashtags,cashtags,link,retweet,quote_url,video,thumbnail,near,geo,source,user_rt_id,user_rt,retweet_id,reply_to,retweet_date,translate,trans_src,trans_dest
1486361375706386434,1486361375706386434,2022-01-26 15:32:21 UTC,2022-01-26,15:32:21,+0000,107491845,ibmwatsonhealth,IBM Watson Health,,3D printed anatomical models can be used to educate patients and clinicians.   Learn about the benefits and challenges of using it in healthcare and see how our partnership between @RicohTweets is helping to broaden access to #3Dprinting:  https://t.co/iZxiKkQw5T.  https://t.co/cORwJzVYpn,en,"[{'screen_name': 'ricohtweets', 'name': 'ricoh usa', 'id': '266039285'}]",['https://ibm.co/3KOm4ZW'],['https://pbs.twimg.com/media/FKCdyesXIAcNT8m.jpg'],0,3,3,['3dprinting'],[],https://twitter.com/IBMWatsonHealth/status/1486361375706386434,False,,1,https://pbs.twimg.com/media/FKCdyesXIAcNT8m.jpg,,,,,,,[],,,,
1484529009019039776,1484529009019039776,2022-01-21 14:11:11 UTC,2022-01-21,14:11:11,+0000,107491845,ibmwatsonhealth,IBM Watson Health,,Read exciting news about the future of #IBMWatsonHealth:  Francisco Partners invests in healthcare data and analytics:  https://t.co/Cu7YxG3cAr.  https://t.co/HBwLomiX6k,en,[],['https://ibm.co/3tJ8IIB'],['https://pbs.twimg.com/media/FJobRDPXEAAxVJN.jpg'],3,6,10,['ibmwatsonhealth'],[],https://twitter.com/IBMWatsonHealth/status/1484529009019039776,False,,1,https://pbs.twimg.com/media/FJobRDPXEAAxVJN.jpg,,,,,,,[],,,,
1484198149828792320,1484198149828792320,2022-01-20 16:16:28 UTC,2022-01-20,16:16:28,+0000,107491845,ibmwatsonhealth,IBM Watson Health,,"Healthcare analytics can help organizations make fact-based decisions, improve outcomes and chart a course for the future:  https://t.co/WyryNntehy.  https://t.co/bHklHQrYV0",en,[],['https://ibm.co/3tG3jlv'],[],0,0,3,[],[],https://twitter.com/IBMWatsonHealth/status/1484198149828792320,False,,1,https://pbs.twimg.com/amplify_video_thumb/1484198121336836100/img/yi1TsFsKM2bo0bTX.jpg,,,,,,,[],,,,
1478607235370688512,1478607235370688512,2022-01-05 06:00:10 UTC,2022-01-05,06:00:10,+0000,107491845,ibmwatsonhealth,IBM Watson Health,,New Year.   New COVID treatments.   New COVID protocols.   Help your clinicians stay current without spending time researching.    Get a clinical decision support tool that's updated daily:  https://t.co/zbQR22flqR.  https://t.co/ePZRzzvwAY,en,[],['https://ibm.co/3qMfmdX'],['https://pbs.twimg.com/tweet_video_thumb/FIURaLlXsAEuaaA.jpg'],0,0,1,[],[],https://twitter.com/IBMWatsonHealth/status/1478607235370688512,False,,1,https://pbs.twimg.com/tweet_video_thumb/FIURaLlXsAEuaaA.jpg,,,,,,,[],,,,
1473555447156289537,1473555394219941888,2021-12-22 07:26:10 UTC,2021-12-22,07:26:10,+0000,107491845,ibmwatsonhealth,IBM Watson Health,,"3️⃣ IBM #DigitalHealthPass is now integrated into Traveler ID for Safe Travel, @AmadeusITGroup's digital health verification solution 👉  https://t.co/HuqBLz1Eos.  https://t.co/p01AuIn6ys",en,"[{'screen_name': 'amadeusitgroup', 'name': 'amadeus', 'id': '139687250'}]",['https://ibm.co/3Fk52jf'],['https://pbs.twimg.com/media/FHMe3PWWQAAO6sk.jpg'],1,4,6,['digitalhealthpass'],[],https://twitter.com/IBMWatsonHealth/status/1473555447156289537,False,,1,https://pbs.twimg.com/media/FHMe3PWWQAAO6sk.jpg,,,,,,,[],,,,
1473555412456820737,1473555394219941888,2021-12-22 07:26:02 UTC,2021-12-22,07:26:02,+0000,107491845,ibmwatsonhealth,IBM Watson Health,,2️⃣ Innovations in #imaging are helping to put people first 👉  https://t.co/tgnipY0VLY.  https://t.co/hGFixnFdVL,en,[],['https://ibm.co/3edtAOX'],['https://pbs.twimg.com/media/FHMe1fBX0AI9lsU.jpg'],1,2,5,['imaging'],[],https://twitter.com/IBMWatsonHealth/status/1473555412456820737,False,,1,https://pbs.twimg.com/media/FHMe1fBX0AI9lsU.jpg,,,,,,,[],,,,
1473555394219941888,1473555394219941888,2021-12-22 07:25:57 UTC,2021-12-22,07:25:57,+0000,107491845,ibmwatsonhealth,IBM Watson Health,,"As we wrap up 2021, check out 3 of your favorite tweets this year:   1️⃣ How can hospitals use data to address health equity? 👉  https://t.co/T7rGm6WkME.  https://t.co/kow343ENzT",en,[],['https://ibm.co/32qIO0o'],['https://pbs.twimg.com/media/FHMe0QCXEAEExei.jpg'],1,1,2,[],[],https://twitter.com/IBMWatsonHealth/status/1473555394219941888,False,,1,https://pbs.twimg.com/media/FHMe0QCXEAEExei.jpg,,,,,,,[],,,,
1468113049886277632,1468113049886277632,2021-12-07 07:00:01 UTC,2021-12-07,07:00:01,+0000,107491845,ibmwatsonhealth,IBM Watson Health,,Today we proudly honor 22 women and men for their exemplary work — and for going above and beyond to make #IBMWatsonHealth a great place to work. 👏   Meet the 2021 Women of Watson Health award winners and runner-ups 🏆:  https://t.co/78Pf7MVOkX.  https://t.co/lp2gSP8BN4,en,[],['https://ibm.co/3ov92HY'],['https://pbs.twimg.com/media/FF_JCW-XMAA-sEo.jpg'],1,3,19,['ibmwatsonhealth'],[],https://twitter.com/IBMWatsonHealth/status/1468113049886277632,False,,1,https://pbs.twimg.com/media/FF_JCW-XMAA-sEo.jpg,,,,,,,[],,,,
1465938856419676163,1465938856419676163,2021-12-01 07:00:33 UTC,2021-12-01,07:00:33,+0000,107491845,ibmwatsonhealth,IBM Watson Health,,Unlock the full potential of #AI in diagnostic imaging — giving your physicians and IT professionals more confidence and control 👉  https://t.co/HEXy4i4Mmc.  #RSNA21  https://t.co/Gl4tXcm8Do,en,[],['https://ibm.co/3D7kVaX'],[],0,1,2,"['ai', 'rsna21']",[],https://twitter.com/IBMWatsonHealth/status/1465938856419676163,False,,1,https://pbs.twimg.com/amplify_video_thumb/1465938756024815620/img/N3rxvor26k4PmRhi.jpg,,,,,,,[],,,,
1463417297738113028,1463417297738113028,2021-11-24 08:00:47 UTC,2021-11-24,08:00:47,+0000,107491845,ibmwatsonhealth,IBM Watson Health,,"As we head to #RSNA21 to talk about this exciting new era of healthcare technology, we are thankful for the people who use #HealthTech to provide better care for patients:  https://t.co/dOjL1eBcRI  https://t.co/w3H6lmONvq",en,[],['https://ibm.co/3FItqec'],[],0,5,7,"['rsna21', 'healthtech']",[],https://twitter.com/IBMWatsonHealth/status/1463417297738113028,False,,1,https://pbs.twimg.com/amplify_video_thumb/1463417139210211328/img/OjsWeuCR6nHkL-G3.jpg,,,,,,,[],,,,
1463232732096569344,1463175286095323142,2021-11-23 19:47:23 UTC,2021-11-23,19:47:23,+0000,107491845,ibmwatsonhealth,IBM Watson Health,,@stjoes_health Congratulations! 👏,en,[],[],[],0,0,0,[],[],https://twitter.com/IBMWatsonHealth/status/1463232732096569344,False,,0,,,,,,,,"[{'screen_name': 'stjoes_health', 'name': ""St. Joe's Health"", 'id': '267159048'}]",,,,
1463142687620616193,1462837730614951942,2021-11-23 13:49:35 UTC,2021-11-23,13:49:35,+0000,107491845,ibmwatsonhealth,IBM Watson Health,,@hcavirginia @HCAhealthcare Well done! 👏,en,[],[],[],0,0,1,[],[],https://twitter.com/IBMWatsonHealth/status/1463142687620616193,False,,0,,,,,,,,"[{'screen_name': 'hcavirginia', 'name': 'HCA Virginia', 'id': '34271645'}, {'screen_name': 'HCAhealthcare', 'name': 'HCA Healthcare', 'id': '64481865'}]",,,,
1462691208124321792,1461826699012702212,2021-11-22 07:55:34 UTC,2021-11-22,07:55:34,+0000,107491845,ibmwatsonhealth,IBM Watson Health,,@AsanteHS Congratulations! Great work! 👏,en,[],[],[],0,0,0,[],[],https://twitter.com/IBMWatsonHealth/status/1462691208124321792,False,,0,,,,,,,,"[{'screen_name': 'AsanteHS', 'name': 'Asante', 'id': '85458041'}]",,,,
1461435006056755200,1461382724623777795,2021-11-18 20:43:52 UTC,2021-11-18,20:43:52,+0000,107491845,ibmwatsonhealth,IBM Watson Health,,@MedCtrofAurora Congratulations! 👏,en,[],[],[],0,0,0,[],[],https://twitter.com/IBMWatsonHealth/status/1461435006056755200,False,,0,,,,,,,,"[{'screen_name': 'MedCtrofAurora', 'name': 'MedCtrofAurora', 'id': '2571533412'}]",,,,
1461302978715992073,1461097318753742849,2021-11-18 11:59:14 UTC,2021-11-18,11:59:14,+0000,107491845,ibmwatsonhealth,IBM Watson Health,,@saintpats Well done! Congrats! 👍 👏,en,[],[],[],1,0,1,[],[],https://twitter.com/IBMWatsonHealth/status/1461302978715992073,False,,0,,,,,,,,"[{'screen_name': 'saintpats', 'name': 'St. Patrick Hospital', 'id': '36734895'}]",,,,
1460905774113296386,1460744523475210245,2021-11-17 09:40:53 UTC,2021-11-17,09:40:53,+0000,107491845,ibmwatsonhealth,IBM Watson Health,,@BayCare Great work! 👏,en,[],[],[],0,0,0,[],[],https://twitter.com/IBMWatsonHealth/status/1460905774113296386,False,,0,,,,,,,,"[{'screen_name': 'BayCare', 'name': 'BayCare', 'id': '29664315'}]",,,,
1460732220692258821,1460711495633932290,2021-11-16 22:11:15 UTC,2021-11-16,22:11:15,+0000,107491845,ibmwatsonhealth,IBM Watson Health,,@BronsonCEO @FortuneMagazine Congratulations!,en,[],[],[],0,0,0,[],[],https://twitter.com/IBMWatsonHealth/status/1460732220692258821,False,,0,,,,,,,,"[{'screen_name': 'BronsonCEO', 'name': 'Bill Manns', 'id': '992127786759393280'}, {'screen_name': 'FortuneMagazine', 'name': 'FORTUNE', 'id': '25053299'}]",,,,
1460618050420371459,1460601139251101702,2021-11-16 14:37:34 UTC,2021-11-16,14:37:34,+0000,107491845,ibmwatsonhealth,IBM Watson Health,,@StVincentIN Great work! 👏,en,[],[],[],0,0,1,[],[],https://twitter.com/IBMWatsonHealth/status/1460618050420371459,False,,0,,,,,,,,"[{'screen_name': 'StVincentIN', 'name': 'Ascension St. Vincent', 'id': '86058113'}]",,,,
1460613318389944323,1460613318389944323,2021-11-16 14:18:46 UTC,2021-11-16,14:18:46,+0000,107491845,ibmwatsonhealth,IBM Watson Health,,"ANNOUNCING: The #Fortune/IBM Watson Health 50 Top Cardiovascular Hospitals.   With heart disease the #1 cause of death in the U.S., these 50 organizations are saving lives 👉  https://t.co/Xp9ZOffham.   #50TopCardioHospitals  https://t.co/kqmNlW07oH",en,[],['https://ibm.co/3DmdLjT'],['https://pbs.twimg.com/media/FEUkEnrXsAk75KD.png'],0,3,15,"['fortune', '50topcardiohospitals']",[],https://twitter.com/IBMWatsonHealth/status/1460613318389944323,False,,1,https://pbs.twimg.com/media/FEUkEnrXsAk75KD.png,,,,,,,[],,,,
1458343701390970883,1458343701390970883,2021-11-10 08:00:07 UTC,2021-11-10,08:00:07,+0000,107491845,ibmwatsonhealth,IBM Watson Health,,"Health #data should be nimble and insightful, not a burden.   Learn how you can better connect and optimize your data:  https://t.co/dZWbkny7BQ.  https://t.co/0mkdh0ysjL",en,[],['https://ibm.co/3mVqnJ7'],[],0,2,3,['data'],[],https://twitter.com/IBMWatsonHealth/status/1458343701390970883,False,,1,https://pbs.twimg.com/amplify_video_thumb/1458343674702704640/img/EFzDFu1Gla5Vs8o8.jpg,,,,,,,[],,,,
1456681787657228291,1456681787657228291,2021-11-05 17:56:16 UTC,2021-11-05,17:56:16,+0000,107491845,ibmwatsonhealth,IBM Watson Health,,"Over the past decade, the U.S. has become increasingly diverse with the multiracial population growing by 276%.   Join @DankwaIrene for a webinar on the journey of #HealthEquity data and learn why equitable #data collection matters 👉  https://t.co/JFnIh5MCNa.  https://t.co/j0kvVpRcmH",en,"[{'screen_name': 'dankwairene', 'name': 'irene dankwa-mullan md mph', 'id': '3064151895'}]",['https://ibm.co/3o0P8Dd'],['https://pbs.twimg.com/media/FDcsXL3WYAYre-F.png'],0,4,6,"['healthequity', 'data']",[],https://twitter.com/IBMWatsonHealth/status/1456681787657228291,False,,1,https://pbs.twimg.com/media/FDcsXL3WYAYre-F.png,,,,,,,[],,,,
1450113196044468226,1450113196044468226,2021-10-18 14:55:02 UTC,2021-10-18,14:55:02,+0000,107491845,ibmwatsonhealth,IBM Watson Health,,Pharmacy #DrugShortages are nothing new – but what does the future hold? 💊   See 6 predictions for 2022 and beyond from Watson Health and @OrbitalRX ▶️  https://t.co/TZ7yolb8O7.  #NationalPharmacyWeek  https://t.co/Gs8slaiQ2m,en,"[{'screen_name': 'orbitalrx', 'name': 'orbitalrx', 'id': '998931172184023042'}]",['https://ibm.co/3AShMuo'],['https://pbs.twimg.com/media/FB_WQ_wXsAEcrPx.jpg'],0,1,4,"['drugshortages', 'nationalpharmacyweek']",[],https://twitter.com/IBMWatsonHealth/status/1450113196044468226,False,,1,https://pbs.twimg.com/media/FB_WQ_wXsAEcrPx.jpg,,,,,,,[],,,,
1447124748387987456,1447124748387987456,2021-10-10 09:00:00 UTC,2021-10-10,09:00:00,+0000,107491845,ibmwatsonhealth,IBM Watson Health,,"On #WorldMentalHealthDay, we recognize that democratizing access to mental health care could bring benefits that echo worldwide.  Learn how employers and technology can help 👉   https://t.co/WkBtsJRyYK.  https://t.co/Ntwgtz8T3T",en,[],['https://ibm.co/3DpDE28'],['https://pbs.twimg.com/media/FBU4ShhWUAEGaGF.jpg'],0,3,8,['worldmentalhealthday'],[],https://twitter.com/IBMWatsonHealth/status/1447124748387987456,False,,1,https://pbs.twimg.com/media/FBU4ShhWUAEGaGF.jpg,,,,,,,[],,,,
1446128183384764426,1446128183384764426,2021-10-07 15:00:01 UTC,2021-10-07,15:00:01,+0000,107491845,ibmwatsonhealth,IBM Watson Health,,"What will it take to deliver #PriceTransparency in healthcare?  In this #Fortune commentary, Watson Health's Bobbi Coluni shares insights on the challenges — and opportunities — that come with the task.   Read her insights on Fortune's website:  https://t.co/p3beP2Q1kg.",en,[],['https://ibm.co/3oEZpqE'],[],0,1,2,"['pricetransparency', 'fortune']",[],https://twitter.com/IBMWatsonHealth/status/1446128183384764426,False,,0,,,,,,,,[],,,,
1445817017039134727,1445796046987149313,2021-10-06 18:23:33 UTC,2021-10-06,18:23:33,+0000,107491845,ibmwatsonhealth,IBM Watson Health,,"@FortuneMagazine Thank you for the coverage, @FortuneMagazine! Price transparency is hard to do, but worth it for patients who want to know more about their healthcare costs to make more informed decisions.",en,"[{'screen_name': 'fortunemagazine', 'name': 'fortune', 'id': '25053299'}]",[],[],0,0,0,[],[],https://twitter.com/IBMWatsonHealth/status/1445817017039134727,False,,0,,,,,,,,"[{'screen_name': 'FortuneMagazine', 'name': 'FORTUNE', 'id': '25053299'}]",,,,
1445056661950025730,1445056661950025730,2021-10-04 16:02:10 UTC,2021-10-04,16:02:10,+0000,107491845,ibmwatsonhealth,IBM Watson Health,,"Read 3 ways that local, state and federal agencies can make the most of American Rescue Plan Act (#ARPA) funding for community #COVID recovery:  https://t.co/sWEvch4xnX.  https://t.co/Y21pU9bvfC",en,[],['https://ibm.co/3iyQ9jY'],['https://pbs.twimg.com/tweet_video_thumb/FA3fVxTXIAkviFg.jpg'],0,1,3,"['arpa', 'covid']",[],https://twitter.com/IBMWatsonHealth/status/1445056661950025730,False,,1,https://pbs.twimg.com/tweet_video_thumb/FA3fVxTXIAkviFg.jpg,,,,,,,[],,,,
1440723872093904897,1440723832977772549,2021-09-22 17:05:13 UTC,2021-09-22,17:05:13,+0000,107491845,ibmwatsonhealth,IBM Watson Health,,3️⃣  Alexis Mills shares how she converted her summer #internship at Watson Health into a full-time job 👉  https://t.co/5sW4hZpWZf.  https://t.co/SasfTkuZIh,en,[],['https://ibm.co/39IpkVL'],['https://pbs.twimg.com/media/E_56tYhVUAQxR34.jpg'],0,0,2,['internship'],[],https://twitter.com/IBMWatsonHealth/status/1440723872093904897,False,,1,https://pbs.twimg.com/media/E_56tYhVUAQxR34.jpg,,,,,,,[],,,,
1440723847766892550,1440723832977772549,2021-09-22 17:05:07 UTC,2021-09-22,17:05:07,+0000,107491845,ibmwatsonhealth,IBM Watson Health,,"2️⃣  IBM #DigitalHealthPass is now integrated into Traveler ID for Safe Travel, @AmadeusITGroup's digital health verification solution 👉  https://t.co/IWarIjRNht.  https://t.co/mODNtcIeYF",en,"[{'screen_name': 'amadeusitgroup', 'name': 'amadeus', 'id': '139687250'}]",['https://ibm.co/39ui0Ne'],['https://pbs.twimg.com/media/E_56spoUYAAXB6G.jpg'],1,2,4,['digitalhealthpass'],[],https://twitter.com/IBMWatsonHealth/status/1440723847766892550,False,,1,https://pbs.twimg.com/media/E_56spoUYAAXB6G.jpg,,,,,,,[],,,,
1440723832977772549,1440723832977772549,2021-09-22 17:05:03 UTC,2021-09-22,17:05:03,+0000,107491845,ibmwatsonhealth,IBM Watson Health,,"As seasons change, check out your 3 favorite tweets over the past few months:  1️⃣  4 ways healthcare payers can better manage oncology #DrugCosts with data + analytics 👉  https://t.co/MJlaOBjg7M.  https://t.co/T4GBgk7Nf8",en,[],['https://ibm.co/2W0MlzI'],['https://pbs.twimg.com/media/E_56rwBVUBAAN3R.jpg'],1,1,2,['drugcosts'],[],https://twitter.com/IBMWatsonHealth/status/1440723832977772549,False,,1,https://pbs.twimg.com/media/E_56rwBVUBAAN3R.jpg,,,,,,,[],,,,
1430583737524305934,1430583737524305934,2021-08-25 17:31:56 UTC,2021-08-25,17:31:56,+0000,107491845,ibmwatsonhealth,IBM Watson Health,,"LIVE at 3pm ➡️ RT @lukeschantz Excited to bring you a conversation with @IBMWatsonHealth's CTO @tctjr, and VP of Development @thisisadamo. Discussing open source projects #LinuxForHealth and project #Alvearie. Live 8/25 at 3pmET  https://t.co/gZo1C6RnMU  @IBMDeveloper  @joe_sepi  https://t.co/xNUNpaAMKj",en,"[{'screen_name': 'lukeschantz', 'name': 'luke schantz', 'id': '27539677'}, {'screen_name': 'ibmwatsonhealth', 'name': 'ibm watson health', 'id': '107491845'}, {'screen_name': 'tctjr', 'name': '𝕋𝕖𝕕 ℂ. 𝕋𝕒𝕟𝕟𝕖𝕣 𝕁𝕣.', 'id': '246410645'}, {'screen_name': 'thisisadamo', 'name': 'adam orentlicher', 'id': '15129772'}, {'screen_name': 'ibmdeveloper', 'name': 'ibm developer', 'id': '16362921'}, {'screen_name': 'joe_sepi', 'name': 'joe_sepi', 'id': '14934225'}]",['https://ibm.co/3jmRISZ'],['https://pbs.twimg.com/media/E9p0U8MX0Ao8Yb8.jpg'],0,2,6,"['linuxforhealth', 'alvearie']",[],https://twitter.com/IBMWatsonHealth/status/1430583737524305934,False,,1,https://pbs.twimg.com/media/E9p0U8MX0Ao8Yb8.jpg,,,,,,,[],,,,
1430162728333758464,1430043856704319489,2021-08-24 13:39:00 UTC,2021-08-24,13:39:00,+0000,107491845,ibmwatsonhealth,IBM Watson Health,,@amstar_india Thanks for sharing!,en,[],[],[],0,0,0,[],[],https://twitter.com/IBMWatsonHealth/status/1430162728333758464,False,,0,,,,,,,,"[{'screen_name': 'amstar_india', 'name': 'Amstar Technologies Pvt Ltd', 'id': '216583534'}]",,,,
1430107660859461633,1430107660859461633,2021-08-24 10:00:11 UTC,2021-08-24,10:00:11,+0000,107491845,ibmwatsonhealth,IBM Watson Health,,5 reasons why cloud is a #Medicaid agency’s strongest new ally against healthcare #fraud:   1)More data flexibility 🔀  2)Better access to useful tools 🔧  3)Faster onboarding timelines 🏎️  4)Simplification 👈  5)Straightforward costs💲   Learn more:  https://t.co/IbXOOKbJh2  https://t.co/LvWnS8HxLz,en,[],['https://ibm.co/389CHNE'],[],0,1,6,"['medicaid', 'fraud']",[],https://twitter.com/IBMWatsonHealth/status/1430107660859461633,False,,1,https://pbs.twimg.com/media/E9jDVfKXMAoslEC.jpg,,,,,,,[],,,,
1428784692048891904,1428046928529461250,2021-08-20 18:23:10 UTC,2021-08-20,18:23:10,+0000,107491845,ibmwatsonhealth,IBM Watson Health,,@theNAMedicine Great work @DankwaIrene! Thank you for your leadership.,en,"[{'screen_name': 'dankwairene', 'name': 'irene dankwa-mullan md mph', 'id': '3064151895'}]",[],[],1,0,1,[],[],https://twitter.com/IBMWatsonHealth/status/1428784692048891904,False,,0,,,,,,,,"[{'screen_name': 'theNAMedicine', 'name': 'National Academy of Medicine', 'id': '3218244202'}]",,,,
1428005042548887554,1427828745042374657,2021-08-18 14:45:07 UTC,2021-08-18,14:45:07,+0000,107491845,ibmwatsonhealth,IBM Watson Health,,"@ReginaTwine Hi! Anyone can use it as an individual for their own health status info, yes. Here's a link to more information:  https://t.co/AeRFW839Yd.",en,[],['https://ibm.co/3CQpebI'],[],0,0,0,[],[],https://twitter.com/IBMWatsonHealth/status/1428005042548887554,False,,0,,,,,,,,"[{'screen_name': 'ReginaTwine', 'name': 'Regina', 'id': '27015204'}]",,,,
1427647350395346957,1427647350395346957,2021-08-17 15:03:47 UTC,2021-08-17,15:03:47,+0000,107491845,ibmwatsonhealth,IBM Watson Health,,"💊 Specialty medications are often expensive, particularly #oncology treatments.   Read 4 ways healthcare payers can better manage oncology #DrugCosts with data + analytics:  https://t.co/FlRq8oo00w.  https://t.co/Dv2nFDktX1",en,[],['https://ibm.co/2UtI1IG'],['https://pbs.twimg.com/media/E9AFsUtXsAAEZ-C.jpg'],0,4,5,"['oncology', 'drugcosts']",[],https://twitter.com/IBMWatsonHealth/status/1427647350395346957,False,,1,https://pbs.twimg.com/media/E9AFsUtXsAAEZ-C.jpg,,,,,,,[],,,,
1426257940722470916,1425831911751049216,2021-08-13 19:02:46 UTC,2021-08-13,19:02:46,+0000,107491845,ibmwatsonhealth,IBM Watson Health,,@NateRay Welcome to the team!,en,[],[],[],0,0,1,[],[],https://twitter.com/IBMWatsonHealth/status/1426257940722470916,False,,0,,,,,,,,"[{'screen_name': 'NateRay', 'name': 'Nathan Ray', 'id': '15377638'}]",,,,
1425813078332133382,1425682524726906880,2021-08-12 13:35:02 UTC,2021-08-12,13:35:02,+0000,107491845,ibmwatsonhealth,IBM Watson Health,,@PharmacyPodcast You don't want to miss @TinaMoenPharmD!,en,"[{'screen_name': 'tinamoenpharmd', 'name': 'tina moen', 'id': '343040710'}]",[],[],0,0,1,[],[],https://twitter.com/IBMWatsonHealth/status/1425813078332133382,False,,0,,,,,,,,"[{'screen_name': 'PharmacyPodcast', 'name': 'Pharmacy Podcast Network', 'id': '84605478'}]",,,,
1423705004242833410,1423559179600543749,2021-08-06 17:58:18 UTC,2021-08-06,17:58:18,+0000,107491845,ibmwatsonhealth,IBM Watson Health,,@ESNsocial Dr. Upegui will be great!,en,[],[],[],0,0,0,[],[],https://twitter.com/IBMWatsonHealth/status/1423705004242833410,False,,0,,,,,,,,"[{'screen_name': 'ESNsocial', 'name': 'ESN', 'id': '817232348'}]",,,,
1423283451965296642,1423222252120657924,2021-08-05 14:03:12 UTC,2021-08-05,14:03:12,+0000,107491845,ibmwatsonhealth,IBM Watson Health,,@_AXREM Thanks for the shout out! 📣,en,[],[],[],0,0,1,[],[],https://twitter.com/IBMWatsonHealth/status/1423283451965296642,False,,0,,,,,,,,"[{'screen_name': '_AXREM', 'name': 'AXREM', 'id': '856803908097888256'}]",,,,
1423222256818348033,1423222256818348033,2021-08-05 10:00:02 UTC,2021-08-05,10:00:02,+0000,107491845,ibmwatsonhealth,IBM Watson Health,,Wondering how to convert your virtual summer #internship into a job? 🤔  Here's the tea ☕️ from two former interns now full-time Watson Health employees.   Check out their stories:   📌 Meet Alexis:  https://t.co/UinufwrbUy.   📌 Meet Caroline:  https://t.co/h26uH6KiMo.  https://t.co/iCjrsZT4sB,en,[],"['https://ibm.co/3lwpgiF', 'https://ibm.co/3Cbaa8p']",['https://pbs.twimg.com/media/E8BNGStXoAArEB_.jpg'],0,8,13,['internship'],[],https://twitter.com/IBMWatsonHealth/status/1423222256818348033,False,,1,https://pbs.twimg.com/media/E8BNGStXoAArEB_.jpg,,,,,,,[],,,,
1422601711424786435,1422574702346842113,2021-08-03 16:54:13 UTC,2021-08-03,16:54:13,+0000,107491845,ibmwatsonhealth,IBM Watson Health,,@mbp817 3 cheers for @IBM Digital Health Pass!,en,"[{'screen_name': 'ibm', 'name': 'ibm', 'id': '18994444'}]",[],[],0,0,2,[],[],https://twitter.com/IBMWatsonHealth/status/1422601711424786435,False,,0,,,,,,,,"[{'screen_name': 'mbp817', 'name': 'Marc Phillips', 'id': '56145837'}]",,,,
1422253571660255238,1410055153873559559,2021-08-02 17:50:50 UTC,2021-08-02,17:50:50,+0000,107491845,ibmwatsonhealth,IBM Watson Health,,@IBMcloud @REDRAWRADIO Ditto what ☁️  said!,en,[],[],[],1,0,2,[],[],https://twitter.com/IBMWatsonHealth/status/1422253571660255238,False,,0,,,,,,,,"[{'screen_name': 'IBMcloud', 'name': 'IBM Cloud', 'id': '201846344'}, {'screen_name': 'REDRAWRADIO', 'name': 'RedRaw Radio', 'id': '22121292'}]",,,,
1422165294810902529,1422165294810902529,2021-08-02 12:00:03 UTC,2021-08-02,12:00:03,+0000,107491845,ibmwatsonhealth,IBM Watson Health,,"Do U.S. hospitals contribute to the health of communities, including #HealthEquity?  Find out 👉  https://t.co/MItAjSM3Yv.  The 2021 @FortuneMagazine/IBM Watson Health #100TopHospitals list is the 1st major hospital ranking to include hospital contributions to #CommunityHealth.  https://t.co/Q0PMWw7lZ6",en,[],['https://ibm.co/3fbbXR2'],['https://pbs.twimg.com/media/E7yLzDMWYAA6VRh.jpg'],0,5,10,"['healthequity', '100tophospitals', 'communityhealth']",[],https://twitter.com/IBMWatsonHealth/status/1422165294810902529,False,,1,https://pbs.twimg.com/media/E7yLzDMWYAA6VRh.jpg,,,,,,,[],,,,
1420862954535272456,1420862954535272456,2021-07-29 21:45:01 UTC,2021-07-29,21:45:01,+0000,107491845,ibmwatsonhealth,IBM Watson Health,,"It's #NationalInternDay in the U.S!   🎉  Join us in celebrating the talented trio of Watson Health marketing #interns - Nadia Ekeme, Alexandria Iacoviello and Liying Wang.   Thank you for your hard work, enthusiasm and creativity!  We'll miss you. 😢  https://t.co/sXDQzCx0V7",en,[],[],['https://pbs.twimg.com/media/E7frU4xXIAAh0tI.jpg'],0,2,6,"['nationalinternday', 'interns']",[],https://twitter.com/IBMWatsonHealth/status/1420862954535272456,False,,1,https://pbs.twimg.com/media/E7frU4xXIAAh0tI.jpg,,,,,,,[],,,,
1420438898329722889,1420407459324248065,2021-07-28 17:39:58 UTC,2021-07-28,17:39:58,+0000,107491845,ibmwatsonhealth,IBM Watson Health,,@AIMedHQ The opportunities for AI applications in health continue to grow!,en,[],[],[],0,0,0,[],[],https://twitter.com/IBMWatsonHealth/status/1420438898329722889,False,,0,,,,,,,,"[{'screen_name': 'AIMedHQ', 'name': 'AIMed', 'id': '753337205658046465'}]",,,,
1420072723255005188,1420017387026452495,2021-07-27 17:24:55 UTC,2021-07-27,17:24:55,+0000,107491845,ibmwatsonhealth,IBM Watson Health,,"@EBSCO_Health We're big fans of DynaMed solutions suite for clinical decision support! 😃  If you have to miss the conference, there's more info here:  https://t.co/XQUBZCo9ni.",en,[],['https://ibm.co/3f48sM1'],[],0,0,1,[],[],https://twitter.com/IBMWatsonHealth/status/1420072723255005188,False,,0,,,,,,,,"[{'screen_name': 'EBSCO_Health', 'name': 'EBSCO Health Care', 'id': '870580134'}]",,,,
1419782896789954560,1419654997327888387,2021-07-26 22:13:15 UTC,2021-07-26,22:13:15,+0000,107491845,ibmwatsonhealth,IBM Watson Health,,@lifeatibm We hear that running is good for heart health. 🏃‍♀️ Good luck!,en,[],[],[],0,0,6,[],[],https://twitter.com/IBMWatsonHealth/status/1419782896789954560,False,,0,,,,,,,,"[{'screen_name': 'lifeatibm', 'name': 'Life at IBM', 'id': '1618005763'}]",,,,
1418614462895071234,1418600603970727941,2021-07-23 16:50:19 UTC,2021-07-23,16:50:19,+0000,107491845,ibmwatsonhealth,IBM Watson Health,,@AMIAinformatics Excellent choice of closing speaker. 😉,en,[],[],[],0,0,2,[],[],https://twitter.com/IBMWatsonHealth/status/1418614462895071234,False,,0,,,,,,,,"[{'screen_name': 'AMIAinformatics', 'name': 'AMIA', 'id': '86091264'}]",,,,
1418237912488022021,1418158976194256900,2021-07-22 15:54:02 UTC,2021-07-22,15:54:02,+0000,107491845,ibmwatsonhealth,IBM Watson Health,,@LedgerInsights @AmadeusITGroup @IBM Travelers and airlines will benefit. Great idea!,en,[],[],[],0,0,1,[],[],https://twitter.com/IBMWatsonHealth/status/1418237912488022021,False,,0,,,,,,,,"[{'screen_name': 'LedgerInsights', 'name': 'Ledger Insights', 'id': '969157810289303554'}, {'screen_name': 'AmadeusITGroup', 'name': 'Amadeus', 'id': '139687250'}, {'screen_name': 'IBM', 'name': 'IBM', 'id': '18994444'}]",,,,
1418237092514177027,1418165767166517254,2021-07-22 15:50:47 UTC,2021-07-22,15:50:47,+0000,107491845,ibmwatsonhealth,IBM Watson Health,,@skift Great news for travelers and @IBM!,en,"[{'screen_name': 'ibm', 'name': 'ibm', 'id': '18994444'}]",[],[],0,0,1,[],[],https://twitter.com/IBMWatsonHealth/status/1418237092514177027,False,,0,,,,,,,,"[{'screen_name': 'skift', 'name': 'Skift', 'id': '374822255'}]",,,,
1418204600142868482,1418204548590624771,2021-07-22 13:41:40 UTC,2021-07-22,13:41:40,+0000,107491845,ibmwatsonhealth,IBM Watson Health,,See how @IBMWatsonHealth’s Digital Health Pass can help global airlines ✈️ bring back customers with verifiable health credentials. 📲  https://t.co/Uy84BYNrWh.   (3/3)  https://t.co/RJ3SuBqCZL,en,"[{'screen_name': 'ibmwatsonhealth', 'name': 'ibm watson health', 'id': '107491845'}]",['https://ibm.co/3eJQXAA'],['https://pbs.twimg.com/tweet_video_thumb/E655iWOXsAEz6tk.jpg'],0,2,5,[],[],https://twitter.com/IBMWatsonHealth/status/1418204600142868482,False,,1,https://pbs.twimg.com/tweet_video_thumb/E655iWOXsAEz6tk.jpg,,,,,,,[],,,,
1418204557495128065,1418204548590624771,2021-07-22 13:41:30 UTC,2021-07-22,13:41:30,+0000,107491845,ibmwatsonhealth,IBM Watson Health,,"As air travel returns, airlines ✈️ face the challenge of handling health requirements at the airport.   Combining IBM #DigitalHealthPass with @AmadeusITGroup's Traveler ID for Safe Travel can provide airlines with a streamlined &amp; secure way to authenticate health status.   (2/3)  https://t.co/7og4V8INh6",en,"[{'screen_name': 'amadeusitgroup', 'name': 'amadeus', 'id': '139687250'}]",[],['https://pbs.twimg.com/media/E655hmtXsAMsamr.jpg'],1,2,5,['digitalhealthpass'],[],https://twitter.com/IBMWatsonHealth/status/1418204557495128065,False,,1,https://pbs.twimg.com/media/E655hmtXsAMsamr.jpg,,,,,,,[],,,,
1418204548590624771,1418204548590624771,2021-07-22 13:41:28 UTC,2021-07-22,13:41:28,+0000,107491845,ibmwatsonhealth,IBM Watson Health,,"ANNOUNCING: IBM Digital Health Pass is now integrated into Traveler ID for Safe Travel, @AmadeusITGroup’s digital health verification solution ✅.   Details ▶️  https://t.co/O7NqxCkhw5.   🧵 (1/3)  https://t.co/xEloGGTd7e",en,"[{'screen_name': 'amadeusitgroup', 'name': 'amadeus', 'id': '139687250'}]",['https://ibm.co/2UFTIff'],[],1,6,12,[],[],https://twitter.com/IBMWatsonHealth/status/1418204548590624771,False,,1,https://pbs.twimg.com/amplify_video_thumb/1418204340125409281/img/5kK3uhl46aKtEtNy.jpg,,,,,,,[],,,,
1417943770000199681,1408107836253614092,2021-07-21 20:25:13 UTC,2021-07-21,20:25:13,+0000,107491845,ibmwatsonhealth,IBM Watson Health,,@HLTHEVENT We're pleased to be a Title Sponsor this year. Looking forward to it!,en,[],[],[],0,0,0,[],[],https://twitter.com/IBMWatsonHealth/status/1417943770000199681,False,,0,,,,,,,,"[{'screen_name': 'HLTHEVENT', 'name': ""HLTH: Create Health's Future"", 'id': '851486604288032768'}]",,,,
1417894289737146374,1417894289737146374,2021-07-21 17:08:36 UTC,2021-07-21,17:08:36,+0000,107491845,ibmwatsonhealth,IBM Watson Health,,"Congrats to our VP &amp; Chief Health and Science Officer, Dr. Gretchen Jackson!  https://t.co/OLgA5RhXHH.   RT @NashMedNews has our eye on some impressive women making a difference. See who in our Women to Watch Class of 2021:  https://t.co/JSQKhyCc2a  https://t.co/5WMssnsqxb  https://t.co/tpouGU4YWv",en,"[{'screen_name': 'nashmednews', 'name': 'nashvillemedicalnews', 'id': '3270307530'}]","['https://ibm.co/3ixbY2o', 'https://ibm.co/3iArv1y', 'https://ibm.co/3eIYek1']",['https://pbs.twimg.com/media/E61fV6JXIAMO5Rn.jpg'],0,3,9,[],[],https://twitter.com/IBMWatsonHealth/status/1417894289737146374,False,,1,https://pbs.twimg.com/media/E61fV6JXIAMO5Rn.jpg,,,,,,,[],,,,
1417892707641462786,1415739433966571520,2021-07-21 17:02:19 UTC,2021-07-21,17:02:19,+0000,107491845,ibmwatsonhealth,IBM Watson Health,,"@NashMedNews We're proud of @IBMWatsonHealth's Vice President &amp; Chief Health and Science Officer, Dr. Gretchen Jackson! 🤩",en,"[{'screen_name': 'ibmwatsonhealth', 'name': 'ibm watson health', 'id': '107491845'}]",[],[],0,0,1,[],[],https://twitter.com/IBMWatsonHealth/status/1417892707641462786,False,,0,,,,,,,,"[{'screen_name': 'NashMedNews', 'name': 'NashvilleMedicalNews', 'id': '3270307530'}]",,,,
1417858941141331969,1417629423818379265,2021-07-21 14:48:08 UTC,2021-07-21,14:48:08,+0000,107491845,ibmwatsonhealth,IBM Watson Health,,@kzrewalt @tim_burch @ClarkCountyNV @IDC Congratulations to EVERYONE involved in this powerful and important initiative.,en,[],[],[],0,0,0,[],[],https://twitter.com/IBMWatsonHealth/status/1417858941141331969,False,,0,,,,,,,,"[{'screen_name': 'kzrewalt', 'name': 'Karen Rewalt', 'id': '735848674916327425'}, {'screen_name': 'tim_burch', 'name': 'Tim Burch', 'id': '16319217'}, {'screen_name': 'ClarkCountyNV', 'name': 'Clark County Nevada', 'id': '33601080'}, {'screen_name': 'IDC', 'name': 'IDC', 'id': '2670321'}]",,,,
1417477577942384646,1417471002674610181,2021-07-20 13:32:44 UTC,2021-07-20,13:32:44,+0000,107491845,ibmwatsonhealth,IBM Watson Health,,@Biorasi Wouldn't miss it!,en,[],[],[],0,0,1,[],[],https://twitter.com/IBMWatsonHealth/status/1417477577942384646,False,,0,,,,,,,,"[{'screen_name': 'Biorasi', 'name': 'Biorasi', 'id': '1354682124'}]",,,,
1417061655813541888,1417061655813541888,2021-07-19 10:00:01 UTC,2021-07-19,10:00:01,+0000,107491845,ibmwatsonhealth,IBM Watson Health,,"Intrigued? 🤔  Read up on IBM's #DigitalHealthPass privacy, security and equity considerations:  https://t.co/S2a34teST6.",en,[],['https://ibm.co/3B49Yaj'],[],0,3,2,['digitalhealthpass'],[],https://twitter.com/IBMWatsonHealth/status/1417061655813541888,False,https://twitter.com/moosechris/status/1414961667847434245,0,,,,,,,,[],,,,
1415381278594043905,1415380372330741760,2021-07-14 18:42:47 UTC,2021-07-14,18:42:47,+0000,107491845,ibmwatsonhealth,IBM Watson Health,,@ValleywiseHthF Congratulations on your hard work!,en,[],[],[],0,0,1,[],[],https://twitter.com/IBMWatsonHealth/status/1415381278594043905,False,,0,,,,,,,,"[{'screen_name': 'ValleywiseHthF', 'name': 'Valleywise Health Foundation', 'id': '919476290'}]",,,,
1415381041368403970,1415311700312657928,2021-07-14 18:41:51 UTC,2021-07-14,18:41:51,+0000,107491845,ibmwatsonhealth,IBM Watson Health,,@EckroteMarissa What a cutie! 🐶 😍,en,[],[],[],0,0,0,[],[],https://twitter.com/IBMWatsonHealth/status/1415381041368403970,False,,0,,,,,,,,"[{'screen_name': 'EckroteMarissa', 'name': 'Marissa Eckrote-Nordland', 'id': '1134900438036373505'}]",,,,
1414588157899706368,1414588157899706368,2021-07-12 14:11:13 UTC,2021-07-12,14:11:13,+0000,107491845,ibmwatsonhealth,IBM Watson Health,,"When you hear ""Artificial Intelligence"" and ""Edge Computing"" together, you probably don't also think ""baby."" 👶   Learn how a team of clinicians and @IBM experts developed a solution to detect #sepsis in preemies, thanks to #AI &amp; data.  Read or watch ▶️  https://t.co/tFy9tN8wgx.",en,"[{'screen_name': 'ibm', 'name': 'ibm', 'id': '18994444'}]",['https://ibm.co/3kaRXkv'],[],0,4,9,"['sepsis', 'ai']",[],https://twitter.com/IBMWatsonHealth/status/1414588157899706368,False,,0,,,,,,,,[],,,,
1412572805112213508,1411160892020989953,2021-07-07 00:42:55 UTC,2021-07-07,00:42:55,+0000,107491845,ibmwatsonhealth,IBM Watson Health,,@zyephr IBM has a very strong position on AI ethics. You can read more here:  https://t.co/DcNOj2A5fO.,en,[],['https://ibm.co/2TLfJJ7'],[],1,2,2,[],[],https://twitter.com/IBMWatsonHealth/status/1412572805112213508,False,,0,,,,,,,,"[{'screen_name': 'zyephr', 'name': 'Zyephr', 'id': '1396717525618941953'}]",,,,
1410160839789789185,1410160839789789185,2021-06-30 08:58:38 UTC,2021-06-30,08:58:38,+0000,107491845,ibmwatsonhealth,IBM Watson Health,,How did UK-based imaging company @4waysdiagnostic meet their business growth needs?  It involved #AI-enabled technology.   Read and watch:  https://t.co/lekQ53mdv2.  https://t.co/Ry7rB601gY,en,"[{'screen_name': '4waysdiagnostic', 'name': '4ways', 'id': '2350242774'}]",['https://ibm.co/3AhcWYS'],[],0,4,5,['ai'],[],https://twitter.com/IBMWatsonHealth/status/1410160839789789185,False,,1,https://pbs.twimg.com/media/E5Hlzp6XoAEJ1rJ.jpg,,,,,,,[],,,,
1409451512561123328,1409451512561123328,2021-06-28 10:00:01 UTC,2021-06-28,10:00:01,+0000,107491845,ibmwatsonhealth,IBM Watson Health,,Congratulations to Watson Health's: 👉  Dr. @DavidRGruen  👉  Dr. @DankwaIrene   👉  Dr. Henry Feldman  Named “Champions of Humanistic Care” by the Arnold P. @GoldFdtn for compassion &amp; courage during COVID-19. 👏   Learn more:  https://t.co/rb23syYSmf.  https://t.co/sVngKPw7vW,en,"[{'screen_name': 'davidrgruen', 'name': 'david gruen, md, mba', 'id': '1097908549890453504'}, {'screen_name': 'dankwairene', 'name': 'irene dankwa-mullan md mph', 'id': '3064151895'}, {'screen_name': 'goldfdtn', 'name': 'gold foundation', 'id': '91156451'}]",['https://ibm.co/35N4O4j'],['https://pbs.twimg.com/media/E49grolWUAEB3wD.png'],2,4,16,[],[],https://twitter.com/IBMWatsonHealth/status/1409451512561123328,False,,1,https://pbs.twimg.com/media/E49grolWUAEB3wD.png,,,,,,,[],,,,
1408498559415164933,1408447652115722240,2021-06-25 18:53:19 UTC,2021-06-25,18:53:19,+0000,107491845,ibmwatsonhealth,IBM Watson Health,,@ClimateNewsHub Thanks for sharing. Have you seen @IBM's commitment to net zero greenhouse gas emissions by 2030? And IBM's first corporate environmental policy was issued in 1971! There's plenty for all humans to do for a healthier world. Find out more here:  https://t.co/a48p9GSIwo.,en,"[{'screen_name': 'ibm', 'name': 'ibm', 'id': '18994444'}]",['https://ibm.co/3jbQx8X'],[],0,0,0,[],[],https://twitter.com/IBMWatsonHealth/status/1408498559415164933,False,,0,,,,,,,,"[{'screen_name': 'ClimateNewsHub', 'name': 'Climate News Hub', 'id': '3834939257'}]",,,,
1407799116743254022,1397432947033182210,2021-06-23 20:33:59 UTC,2021-06-23,20:33:59,+0000,107491845,ibmwatsonhealth,IBM Watson Health,,@NowTechTV @Gilles_Cazaux Merci pour les gentils mots!,fr,[],[],[],0,0,0,[],[],https://twitter.com/IBMWatsonHealth/status/1407799116743254022,False,,0,,,,,,,,"[{'screen_name': 'NowtechTV', 'name': 'ANCIEN COMPTE NOWTECH', 'id': '1488446078970126337'}, {'screen_name': 'Gilles_Cazaux', 'name': 'Gilles CAZAUX', 'id': '119871032'}]",,,,
1407370138136031235,1407308446714712065,2021-06-22 16:09:23 UTC,2021-06-22,16:09:23,+0000,107491845,ibmwatsonhealth,IBM Watson Health,,@JMaslovsky Cats are so 2020. 😆  Sparkles the chicken 🐓  is here to inspire your #TechforGood! You know health needs all the hacks it can get. Join the #CallforCode.,en,[],[],[],0,0,4,"['techforgood', 'callforcode']",[],https://twitter.com/IBMWatsonHealth/status/1407370138136031235,False,,0,,,,,,,,"[{'screen_name': 'JMaslovsky', 'name': 'Jeff Maslovsky', 'id': '1110189921065672705'}]",,,,
1407366169607258124,1404887804073725960,2021-06-22 15:53:37 UTC,2021-06-22,15:53:37,+0000,107491845,ibmwatsonhealth,IBM Watson Health,,@UnimedizinM Aufregend!,de,[],[],[],0,0,0,[],[],https://twitter.com/IBMWatsonHealth/status/1407366169607258124,False,,0,,,,,,,,[],,,,
1407364582646112257,1407339049136922625,2021-06-22 15:47:18 UTC,2021-06-22,15:47:18,+0000,107491845,ibmwatsonhealth,IBM Watson Health,,@CIOAXIS Proud to see @IBMcloud in use to for clinical healthcare and protecting health data. Great work @UnimedizinM !,en,"[{'screen_name': 'ibmcloud', 'name': 'ibm cloud', 'id': '201846344'}]",[],[],0,0,0,[],[],https://twitter.com/IBMWatsonHealth/status/1407364582646112257,False,,0,,,,,,,,"[{'screen_name': 'CIOAXIS', 'name': 'CIOAXIS', 'id': '2777141222'}]",,,,
1407262092621647874,1407262092621647874,2021-06-22 09:00:03 UTC,2021-06-22,09:00:03,+0000,107491845,ibmwatsonhealth,IBM Watson Health,,"As COVID-19 evolves, governments &amp; businesses 🏛️↔️🏢 should continue to work closely on #VaccineDistribution and verification.   Read 5 tips for public-private collaboration:  https://t.co/biJ6w7jgzc.  https://t.co/m1P9xjylqt",en,[],['https://ibm.co/2ScxWyE'],['https://pbs.twimg.com/media/E4eZamaWEAQWOcE.jpg'],0,3,7,['vaccinedistribution'],[],https://twitter.com/IBMWatsonHealth/status/1407262092621647874,False,,1,https://pbs.twimg.com/media/E4eZamaWEAQWOcE.jpg,,,,,,,[],,,,
1406914808247734272,1406914808247734272,2021-06-21 10:00:04 UTC,2021-06-21,10:00:04,+0000,107491845,ibmwatsonhealth,IBM Watson Health,,"Health tech is growing 2-3x faster than other segments of the healthcare industry, according to @Frost_Sullivan.    How are companies positioning for success in the #HealthTech space? Join analyst Greg Caressi on June 29 to find out.   Sign up 👉   https://t.co/GDBIysHoLB.  https://t.co/Jq9fKJVIO1",en,"[{'screen_name': 'frost_sullivan', 'name': 'frost & sullivan', 'id': '18246734'}]",['https://ibm.co/3xvbYG2'],['https://pbs.twimg.com/media/E4ZdkBVXoAQZjpx.jpg'],0,4,4,['healthtech'],[],https://twitter.com/IBMWatsonHealth/status/1406914808247734272,False,,1,https://pbs.twimg.com/media/E4ZdkBVXoAQZjpx.jpg,,,,,,,[],,,,
1405504801916456971,1405504801916456971,2021-06-17 12:37:12 UTC,2021-06-17,12:37:12,+0000,107491845,ibmwatsonhealth,IBM Watson Health,,"@ESDC_GC stood up a multi-benefit delivery system in 15 weeks to issue payments to persons with disabilities for COVID benefits. Previously, it took their legacy systems 12-24 months.  Watch the full story on-demand:  https://t.co/tMfcyxvNLb  https://t.co/NWedQzcMdW",en,[],['https://ibm.co/3vAoQcq'],[],0,0,2,[],[],https://twitter.com/IBMWatsonHealth/status/1405504801916456971,False,,1,https://pbs.twimg.com/amplify_video_thumb/1405504753191292928/img/oCDLlur6ifEduQXc.jpg,,,,,,,[],,,,
1405242804763344912,1405172632543182853,2021-06-16 19:16:07 UTC,2021-06-16,19:16:07,+0000,107491845,ibmwatsonhealth,IBM Watson Health,,@IBM You don't look a day over 100! 😘,en,[],[],[],0,1,14,[],[],https://twitter.com/IBMWatsonHealth/status/1405242804763344912,False,,0,,,,,,,,"[{'screen_name': 'IBM', 'name': 'IBM', 'id': '18994444'}]",,,,
1405135827693228035,1405135827693228035,2021-06-16 12:11:02 UTC,2021-06-16,12:11:02,+0000,107491845,ibmwatsonhealth,IBM Watson Health,,"Data, data everywhere. But how should organizations use it? Join the #Fortune virtual conversation with Dr. Gretchen Jackson - IBM Watson Health Chief Science Officer and Anne Wojcicki - @23andMe CEO, to learn. Replay here:  https://t.co/XVIYeVzVMC  https://t.co/UTN9uPdDDo",en,"[{'screen_name': '23andme', 'name': '23andme', 'id': '14738561'}]",['https://ibm.co/3vzweVr'],['https://pbs.twimg.com/media/E4ALltQVUAIsvmU.jpg'],0,5,5,['fortune'],[],https://twitter.com/IBMWatsonHealth/status/1405135827693228035,False,,1,https://pbs.twimg.com/media/E4ALltQVUAIsvmU.jpg,,,,,,,[],,,,
1404778974815870982,1404778974815870982,2021-06-15 12:33:01 UTC,2021-06-15,12:33:01,+0000,107491845,ibmwatsonhealth,IBM Watson Health,,"By 2043, it will cost USD 20 billion to bring a drug to market, in large part because of the clinical trial process. Help your clinician team operate more efficiently and bring new therapies to people, faster. See how:  https://t.co/0UppHmOKld  #CDMS #ePRO #DIA2021  https://t.co/svgDmxsuvx",en,[],['https://ibm.co/35q0k3j'],['https://pbs.twimg.com/media/E37HCH7X0AI6U8k.jpg'],0,4,4,"['cdms', 'epro', 'dia2021']",[],https://twitter.com/IBMWatsonHealth/status/1404778974815870982,False,,1,https://pbs.twimg.com/media/E37HCH7X0AI6U8k.jpg,,,,,,,[],,,,
1404420606901338120,1404420606901338120,2021-06-14 12:49:00 UTC,2021-06-14,12:49:00,+0000,107491845,ibmwatsonhealth,IBM Watson Health,,"As US citizens slowly return to their favorite activities, large venues or businesses may require proof of health status to enter ✅. Take a closer look at the possible benefits of a health passport 📲 https://t.co/z6n2pAcgc6",en,[],['https://ibm.co/343lJ1t'],[],0,5,6,[],[],https://twitter.com/IBMWatsonHealth/status/1404420606901338120,False,,0,,,,,,,,[],,,,
1402998976920440834,1402995651953053704,2021-06-10 14:39:57 UTC,2021-06-10,14:39:57,+0000,107491845,ibmwatsonhealth,IBM Watson Health,,@f_pritts So glad you can join!,en,[],[],[],0,0,0,[],[],https://twitter.com/IBMWatsonHealth/status/1402998976920440834,False,,0,,,,,,,,"[{'screen_name': 'f_pritts', 'name': 'Jill F. Pritts, MSc.', 'id': '1216150360080953346'}]",,,,
1402997771683065868,1397213540906373120,2021-06-10 14:35:09 UTC,2021-06-10,14:35:09,+0000,107491845,ibmwatsonhealth,IBM Watson Health,,@jwhite_health Thank you for speaking today! Your insights will help the health ecosystem move forward.,en,[],[],[],0,1,1,[],[],https://twitter.com/IBMWatsonHealth/status/1402997771683065868,False,,0,,,,,,,,"[{'screen_name': 'jwhite_health', 'name': 'Joel White', 'id': '2870622961'}]",,,,
1402995450299371523,1401841366179663873,2021-06-10 14:25:56 UTC,2021-06-10,14:25:56,+0000,107491845,ibmwatsonhealth,IBM Watson Health,,@education_24x7 Thanks for sharing!,en,[],[],[],0,0,0,[],[],https://twitter.com/IBMWatsonHealth/status/1402995450299371523,False,,0,,,,,,,,"[{'screen_name': 'education_24x7', 'name': 'Education World', 'id': '1295715136141963267'}]",,,,
1402876685704441857,1402876685704441857,2021-06-10 06:34:00 UTC,2021-06-10,06:34:00,+0000,107491845,ibmwatsonhealth,IBM Watson Health,,psstt...it's TODAY! 🔜  RT @IBMWatsonHealth A year of disruption revealed areas for improvement &amp; also fostered innovations.  Join the IBM #HealthForum2021 on June 10 to hear your peers share what they've learned &amp; where we're heading.  Register ▶️  https://t.co/bKtlaVmkm9.  https://t.co/lAiGkwCaVu,en,"[{'screen_name': 'ibmwatsonhealth', 'name': 'ibm watson health', 'id': '107491845'}]",['https://ibm.co/3uTe8OZ'],['https://pbs.twimg.com/media/E3gE6V0WUAMAwLM.jpg'],0,6,7,['healthforum2021'],[],https://twitter.com/IBMWatsonHealth/status/1402876685704441857,False,,1,https://pbs.twimg.com/media/E3gE6V0WUAMAwLM.jpg,,,,,,,[],,,,
1402626321805684741,1401436042893352960,2021-06-09 13:59:09 UTC,2021-06-09,13:59:09,+0000,107491845,ibmwatsonhealth,IBM Watson Health,,"@boeckxoxo @nicky56 @fabboeck Series, anyone? 🎙️",en,[],[],[],1,0,1,[],[],https://twitter.com/IBMWatsonHealth/status/1402626321805684741,False,,0,,,,,,,,"[{'screen_name': 'boeckxoxo', 'name': 'BOECK & XOXO', 'id': '1145661360853921793'}, {'screen_name': 'nicky56', 'name': 'Nicky Hekster', 'id': '28951170'}, {'screen_name': 'fabboeck', 'name': 'Fabian Böck', 'id': '1134536901631893504'}]",,,,
1402614820780785665,1402614820780785665,2021-06-09 13:13:27 UTC,2021-06-09,13:13:27,+0000,107491845,ibmwatsonhealth,IBM Watson Health,,Caseworkers already work so hard. Technology should help – not hinder – their focus on people.   See how tech designed BY caseworkers FOR #caseworkers can make a difference.  Learn more:  https://t.co/Nu4DqZttvG.  https://t.co/u27iNjqKsH,en,[],['https://ibm.co/3x8aSjd'],[],0,5,7,['caseworkers'],[],https://twitter.com/IBMWatsonHealth/status/1402614820780785665,False,,1,https://pbs.twimg.com/amplify_video_thumb/1402614766263279617/img/LTf-zj1w2ejXX6yw.jpg,,,,,,,[],,,,
1401841366179663873,1401841366179663873,2021-06-07 10:00:01 UTC,2021-06-07,10:00:01,+0000,107491845,ibmwatsonhealth,IBM Watson Health,,Is your organization:  ✔️ Looking to bring #AI into your workflows?  ✔️ Keen to get more value from your #data  ✔️ On the road to digital transformation?  ✔️ Ready to modernize with #cloud?  Learn how at the IBM #HealthForum2021. Register today:  https://t.co/U3B7A4xVnR.  https://t.co/F5VY3h7Hbe,en,[],['https://ibm.co/3fGHqv2'],['https://pbs.twimg.com/media/E3RXSzoXIAMbLVj.jpg'],1,9,9,"['ai', 'data', 'cloud', 'healthforum2021']",[],https://twitter.com/IBMWatsonHealth/status/1401841366179663873,False,,1,https://pbs.twimg.com/media/E3RXSzoXIAMbLVj.jpg,,,,,,,[],,,,
1400784429476421640,1400784429476421640,2021-06-04 12:00:07 UTC,2021-06-04,12:00:07,+0000,107491845,ibmwatsonhealth,IBM Watson Health,,"For health plans, #MemberEngagement is key.   But where should you start your next digital transformation 💻 📲 project in the #COVID19 era?   Take this quick assessment to find out 👉  https://t.co/5VTjzfPP2q.  https://t.co/kI9cp4HctW",en,[],['https://ibm.co/3vqS0LU'],[],0,4,3,"['memberengagement', 'covid19']",[],https://twitter.com/IBMWatsonHealth/status/1400784429476421640,False,,1,https://pbs.twimg.com/media/E3CWA2vWEAAC2M3.jpg,,,,,,,[],,,,
1400044526438334465,1400044526438334465,2021-06-02 11:00:01 UTC,2021-06-02,11:00:01,+0000,107491845,ibmwatsonhealth,IBM Watson Health,,New #imaging technologies can help to improve your patient care and your bottom line. But how do you figure out which ones are most appropriate for your organization?   Start here:  https://t.co/dmO4eP2GMf.  https://t.co/GtV1i7DrIZ,en,[],['https://ibm.co/3bVGsZD'],['https://pbs.twimg.com/media/E231E-NWYAIYe8P.jpg'],0,5,6,['imaging'],[],https://twitter.com/IBMWatsonHealth/status/1400044526438334465,False,,1,https://pbs.twimg.com/media/E231E-NWYAIYe8P.jpg,,,,,,,[],,,,
1399591610590150658,1399591610590150658,2021-06-01 05:00:17 UTC,2021-06-01,05:00:17,+0000,107491845,ibmwatsonhealth,IBM Watson Health,,"On June 10, Dr. @triciawang will share how organizations are emerging stronger by using trusted #data and #AI to tackle challenges.    Sign up:  https://t.co/JISSzD0IeM.  https://t.co/pZX5NlVKGy",en,"[{'screen_name': 'triciawang', 'name': 'tricia wang', 'id': '1719941'}]",['https://ibm.co/3uvhUgu'],[],0,5,5,"['data', 'ai']",[],https://twitter.com/IBMWatsonHealth/status/1399591610590150658,False,,1,https://pbs.twimg.com/media/E2xZJhGWYAAuxVX.jpg,,,,,,,[],,,,
1397943007840722944,1397930578343731207,2021-05-27 15:49:20 UTC,2021-05-27,15:49:20,+0000,107491845,ibmwatsonhealth,IBM Watson Health,,@HemaKarunakaram Woo hoo! 🎊,en,[],[],[],0,0,1,[],[],https://twitter.com/IBMWatsonHealth/status/1397943007840722944,False,,0,,,,,,,,"[{'screen_name': 'HemaKarunakaram', 'name': 'Hema Karunakaram, MPH', 'id': '321641832'}]",,,,
1397538030169300995,1397538030169300995,2021-05-26 13:00:06 UTC,2021-05-26,13:00:06,+0000,107491845,ibmwatsonhealth,IBM Watson Health,,"Challenges aren’t rare in #RareDisease research. That’s why we’ve teamed up with @Graticule_Life, Inc. See what this new partnership could lead to:  https://t.co/H1u0jUp4TY  https://t.co/Cm9JCC9ZIZ",en,"[{'screen_name': 'graticule_life', 'name': 'graticule', 'id': '1087070114044956673'}]",['https://ibm.co/3unzjHV'],['https://pbs.twimg.com/media/E2UNbqHXsAQGQAJ.jpg'],0,4,4,['raredisease'],[],https://twitter.com/IBMWatsonHealth/status/1397538030169300995,False,,1,https://pbs.twimg.com/media/E2UNbqHXsAQGQAJ.jpg,,,,,,,[],,,,
