id,conversation_id,created_at,date,time,timezone,user_id,username,name,place,tweet,language,mentions,urls,photos,replies_count,retweets_count,likes_count,hashtags,cashtags,link,retweet,quote_url,video,thumbnail,near,geo,source,user_rt_id,user_rt,retweet_id,reply_to,retweet_date,translate,trans_src,trans_dest
1481742103097094157,1481742103097094157,2022-01-13 21:37:01 UTC,2022-01-13,21:37:01,+0000,33943834,mssoftware,Roberta Mullin,,"Starting our #AIinHealthcare News and Updates report off this year with a new look and feel, some highlights in 2021, some good reads, and lists of #AI tops all on the reported $6.9B market.    https://t.co/HFosOcXuQP via @HealthITAnswers",en,"[{'screen_name': 'healthitanswers', 'name': 'health it answers', 'id': '44529626'}]",['https://www.healthitanswers.net/ai-in-healthcare-news-and-updates-january-2022/'],[],0,1,3,"['aiinhealthcare', 'ai']",[],https://twitter.com/mssoftware/status/1481742103097094157,False,,0,,,,,,,,[],,,,
1481702618661597187,1481702618661597187,2022-01-13 19:00:07 UTC,2022-01-13,19:00:07,+0000,1208049034168078343,predictmedix,Predictmedix Inc. (CSE: PMED | OTCQB: PMEDF),,Scalable AI solutions and cutting-edge analytical insights can combat healthcare-related uncertainties and cost- and care-related challenges.  Full article here:  https://t.co/QuX493yIVz  #AItools #AIsolutions #Covid19 #AI #AIinhealthcare #PMED #PMEDF  https://t.co/wxkmZ8SXQT,en,[],['https://bit.ly/3zct7Xc'],['https://pbs.twimg.com/media/FJAQreSXMAc28Ue.jpg'],0,0,3,"['aitools', 'aisolutions', 'covid19', 'ai', 'aiinhealthcare', 'pmed', 'pmedf']",[],https://twitter.com/Predictmedix/status/1481702618661597187,False,,1,https://pbs.twimg.com/media/FJAQreSXMAc28Ue.jpg,,,,,,,[],,,,
1481672630637895680,1481672630637895680,2022-01-13 17:00:57 UTC,2022-01-13,17:00:57,+0000,79432857,saketsinghi,Saket Singhi,,How augmented intelligence (AI) drives data insights:  https://t.co/NIl2T2oEBh  #artificialintelligence #augmentedreality #HealthcareIT #aiinhealthcare #HealthcareManagement,en,[],['https://www.healthcareitnews.com/news/how-augmented-intelligence-drives-data-insights'],[],0,1,0,"['artificialintelligence', 'augmentedreality', 'healthcareit', 'aiinhealthcare', 'healthcaremanagement']",[],https://twitter.com/saketsinghi/status/1481672630637895680,False,,0,,,,,,,,[],,,,
1481672560979116033,1481672560979116033,2022-01-13 17:00:41 UTC,2022-01-13,17:00:41,+0000,219900328,softclinic_jvs,SoftClinic Software,,How augmented intelligence (AI) drives data insights:  https://t.co/2OPIGdGHJu  #artificialintelligence #augmentedreality #HealthcareIT #aiinhealthcare #HealthcareManagement,en,[],['https://www.healthcareitnews.com/news/how-augmented-intelligence-drives-data-insights'],[],0,0,1,"['artificialintelligence', 'augmentedreality', 'healthcareit', 'aiinhealthcare', 'healthcaremanagement']",[],https://twitter.com/SoftClinic_Jvs/status/1481672560979116033,False,,0,,,,,,,,[],,,,
1481615188537270280,1481615188537270280,2022-01-13 13:12:42 UTC,2022-01-13,13:12:42,+0000,4704079468,delftimaging,Delft Imaging,,Active case finding activity in Katsina State Central Prison by @KncvNigeria using our Delft Light.  #delftimaging #usaid #ehealth #healthcareit #healthcare #aiinhealthcare #digitalhealth  https://t.co/ps9gUgTmM2,en,"[{'screen_name': 'kncvnigeria', 'name': 'kncv tb foundation', 'id': '1215033378090733568'}]",[],"['https://pbs.twimg.com/media/FI_BKaGXwAUvBVh.jpg', 'https://pbs.twimg.com/media/FI_BKZiXMAIO1D6.jpg']",0,1,1,"['delftimaging', 'usaid', 'ehealth', 'healthcareit', 'healthcare', 'aiinhealthcare', 'digitalhealth']",[],https://twitter.com/DelftImaging/status/1481615188537270280,False,,1,https://pbs.twimg.com/media/FI_BKaGXwAUvBVh.jpg,,,,,,,[],,,,
1487576289762582535,1487574216220323842,2022-01-29 23:59:59 UTC,2022-01-29,23:59:59,+0000,2605435944,shediaccat5,Paul Richard🇨🇦,,"@ColinMacNeil1 what a joke, why rally for the right to not wear a mask at waltmart for a few months, why not rally for the homeless or healthcare or the high taxes we pay? can’t go to the hairdresser so let’s burn the village!!",en,[],[],[],1,0,1,[],[],https://twitter.com/shediaccat5/status/1487576289762582535,False,,0,,,,,,,,"[{'screen_name': 'ColinMacNeil1', 'name': 'Colin MacNeil 🇨🇦🏴\U000e0067\U000e0062\U000e0073\U000e0063\U000e0074\U000e007f', 'id': '29811703'}]",,,,
1487576198334992386,1487576198334992386,2022-01-29 23:59:38 UTC,2022-01-29,23:59:38,+0000,240355785,lynannem4a,Lyn Anne,,"Tell @GavinNewsom to keep his promise &amp; support #AB1400 #CalCare to bring real healthcare to all Californians without premiums, deductibles, co-pays, restrictions &amp; bankruptcies.  Sign the petition:  https://t.co/TocjAYZmgr  Read more from The Daily Poster:  https://t.co/nABJp6TDtk",en,"[{'screen_name': 'gavinnewsom', 'name': 'gavin newsom', 'id': '11347122'}]","['https://daybreakpac.org/petitions/calcare', 'https://www.dailyposter.com/newsoms-big-choice-single-payer-or-his-insurance-donors/']",[],0,0,3,"['ab1400', 'calcare']",[],https://twitter.com/LynAnneM4A/status/1487576198334992386,False,https://twitter.com/BenSpielberg/status/1487357606674911232,0,,,,,,,,[],,,,
1487576192131559426,1487136785977122821,2022-01-29 23:59:36 UTC,2022-01-29,23:59:36,+0000,1395455638675722242,anthony56429718,Anthony C,,@b_crane1 @mikealfred Voting rights means voter fraud.  Read that bill.  Abortion is not healthcare.  It is murder.,en,[],[],[],0,0,0,[],[],https://twitter.com/Anthony56429718/status/1487576192131559426,False,,0,,,,,,,,"[{'screen_name': 'b_crane1', 'name': 'Captain Hopium', 'id': '809201648140595202'}, {'screen_name': 'mikealfred', 'name': 'Mike Alfred', 'id': '95257097'}]",,,,
1487576187513630720,1487467820518682624,2022-01-29 23:59:35 UTC,2022-01-29,23:59:35,+0000,2489095897,datogkushpusher,YungDopeDealer,,@ThatGuySkyTV @rafffathechosen @RReaganJr18 Dude stop flexing the fact your country has shitty healthcare sorta weird bro,en,[],[],[],0,0,0,[],[],https://twitter.com/DatOGKushPusher/status/1487576187513630720,False,,0,,,,,,,,"[{'screen_name': 'ThatGuySkyTV', 'name': 'Sky', 'id': '936412178562867200'}, {'screen_name': 'rafffathechosen', 'name': 'Raphael Okoye', 'id': '800690212657500165'}, {'screen_name': 'RReaganJr18', 'name': 'Joey Buttafuoco', 'id': '969672038473523200'}]",,,,
1487576160640720899,1487491202438115329,2022-01-29 23:59:29 UTC,2022-01-29,23:59:29,+0000,808520,darylcognito,daryl n cognito,,@Patricia_Ann_E I think it is possible that the there is a link between distorted thinking like this and trauma/ptsd. We need to work on the secondary trauma in healthcare.,en,[],[],[],0,0,0,[],[],https://twitter.com/darylcognito/status/1487576160640720899,False,,0,,,,,,,,"[{'screen_name': 'Patricia_Ann_E', 'name': 'Patricia Ann', 'id': '415930665'}]",,,,
1487576148829782019,1487576148829782019,2022-01-29 23:59:26 UTC,2022-01-29,23:59:26,+0000,1103758894634012673,aasim_padela,Aasim I. Padela,,In Dec I spoke in Pakistan on How #AI Ethics can learn form Healthcare ethics and the pitfalls of data prediction aspirations. This podcast speaks on such a case study The spectacular failure of @IBMWatson  https://t.co/uYMKkNNRlC via @slate,en,"[{'screen_name': 'ibmwatson', 'name': 'ibm watson', 'id': '29735775'}, {'screen_name': 'slate', 'name': 'slate', 'id': '15164565'}]",['https://slate.com/podcasts/what-next-tbd/2022/01/ibm-watson-fail'],[],0,0,1,['ai'],[],https://twitter.com/aasim_padela/status/1487576148829782019,False,,0,,,,,,,,[],,,,
1487576086393556993,1487318439412785154,2022-01-29 23:59:11 UTC,2022-01-29,23:59:11,+0000,2419334360,emanuel_kimz,Kijana wa MAKUENI,,@NzauMumbe @StateHouseKenya Just finish and come we help kenyans to get proper healthcare,en,[],[],[],0,0,0,[],[],https://twitter.com/emanuel_kimz/status/1487576086393556993,False,,0,,,,,,,,"[{'screen_name': 'NzauMumbe', 'name': 'MissMonikaMumbeNzau', 'id': '1481164838508408835'}, {'screen_name': 'StateHouseKenya', 'name': 'State House Kenya', 'id': '364830542'}]",,,,
1487576064264134659,1487425296328441861,2022-01-29 23:59:06 UTC,2022-01-29,23:59:06,+0000,935871349041614849,gb11can,G 💚,,"@paintgarden @CBCNews If they were really serious about things they would reinforce our Healthcare system. They want to place blame on the public for not locking down good enough, not distancing good enough, or masking good enough.",en,[],[],[],2,0,3,[],[],https://twitter.com/GB11can/status/1487576064264134659,False,,0,,,,,,,,"[{'screen_name': 'paintgarden', 'name': 'Olenka Williams', 'id': '163121902'}, {'screen_name': 'CBCNews', 'name': 'CBC News', 'id': '6433472'}]",,,,
1487576049051385860,1487576049051385860,2022-01-29 23:59:02 UTC,2022-01-29,23:59:02,+0000,251812980,boldroastrev,Jeff Nelson,,My nurse practitioner wife is working this weekend. My having COVID isn’t an excuse for her not to unless she has symptoms.  Healthcare workers deserve more than applause.,en,[],[],[],1,1,18,[],[],https://twitter.com/boldroastrev/status/1487576049051385860,False,,0,,,,,,,,[],,,,
1487576037621907457,1487561860803006464,2022-01-29 23:58:59 UTC,2022-01-29,23:58:59,+0000,1461720505,gamut_music,Gamut ♫~,,"@Wickedscosplay To stand by while our hospitals are overwhelmed by anti-vaxxers is a violation to our healthcare workers, who are critical to society.  Freedoms are intersecting. My freedom to blare music as loud as I want encroaches upon my neighbours right to sleep peacefully at 2am.",en,[],[],[],1,0,0,[],[],https://twitter.com/Gamut_Music/status/1487576037621907457,False,,0,,,,,,,,"[{'screen_name': 'Wickedscosplay', 'name': 'Wicked 🏳️\u200d🌈⃤', 'id': '2658613010'}]",,,,
1487576031808876544,1487429748795920384,2022-01-29 23:58:58 UTC,2022-01-29,23:58:58,+0000,1240312358733398016,php___php,PH🌱,,@Whiny_Bimbo @Neopseudo They aren’t even protecting the ‘hospital system’ though - the hospital system works because of its people. The stress put on healthcare workers is unfair and not sustainable long term. New variants continue to emerge and cross ‘open’ borders. We need to reduce cases.,en,[],[],[],1,1,7,[],[],https://twitter.com/PHP___PHP/status/1487576031808876544,False,,0,,,,,,,,"[{'screen_name': 'Whiny_Bimbo', 'name': 'Whiny Bimbo', 'id': '1443189132306436096'}, {'screen_name': 'Neopseudo', 'name': '💧Sociable Socialist ✊🏿💉💉💉', 'id': '3453306553'}]",,,,
1487576030948769793,1487576030948769793,2022-01-29 23:58:58 UTC,2022-01-29,23:58:58,+0000,1318260512661098497,johnsosnowski4,John Sosnowski,,"A Tennessee-based #healthcare technology services company is facing legal action over a #DataBreach that occurred in August 2021, reports @InfosecurityMag: | #CyberSecurity #CyberResilience   https://t.co/xJymnXl6BV  https://t.co/df8M9vg8eU",en,"[{'screen_name': 'infosecuritymag', 'name': 'infosecurity magazine', 'id': '29415843'}]",['https://bit.ly/3L5EuWu'],['https://pbs.twimg.com/media/FKTuhHSXIAkxzZ7.jpg'],0,4,0,"['healthcare', 'databreach', 'cybersecurity', 'cyberresilience']",[],https://twitter.com/JohnSosnowski4/status/1487576030948769793,False,,1,https://pbs.twimg.com/media/FKTuhHSXIAkxzZ7.jpg,,,,,,,[],,,,
1487576020941254656,1487488253750087682,2022-01-29 23:58:55 UTC,2022-01-29,23:58:55,+0000,1394682139657097218,carolinathinks,carolina escribe y piensa (aka “Useless Eater”),,"@ShpellerAl @docMJP @KurtSchlichter I don’t know anything about JR, so I don’t know if he lied, but has anyone ever gone after liars/misinformers before?  Don’t we have a bigger problem in this country if people are choosing to seek medical advice from a talk show host rather than a healthcare professional?",en,[],[],[],1,0,1,[],[],https://twitter.com/CarolinaThinks/status/1487576020941254656,False,,0,,,,,,,,"[{'screen_name': 'ShpellerAl', 'name': 'Al Shpeller', 'id': '1442134468106407941'}, {'screen_name': 'docMJP', 'name': 'Matthew J. Peterson', 'id': '182524533'}, {'screen_name': 'KurtSchlichter', 'name': 'Kurt Schlichter', 'id': '18089606'}]",,,,
1487575948065062914,1487575948065062914,2022-01-29 23:58:38 UTC,2022-01-29,23:58:38,+0000,517295547,scoutstandup,it’s all political theatre,,"Hi @Evan_Low,  will you please stand with the People and vote 'Yes' for #CalCare #AB1400 on Mon 1/31 so that every Californian has healthcare?   We are counting on you.   Corporations want to kill this bill but we can fight them together!   #CalCareTweets",en,"[{'screen_name': 'evan_low', 'name': 'evan low', 'id': '253769656'}]",[],[],0,0,2,"['calcare', 'ab1400', 'calcaretweets']",[],https://twitter.com/scoutstandup/status/1487575948065062914,False,,0,,,,,,,,[],,,,
1487575936748949510,1487575936748949510,2022-01-29 23:58:35 UTC,2022-01-29,23:58:35,+0000,1122972466438189056,lukeisaacson2,Luke Isaacson,,Executive MBA in Healthcare Administration - Zicklin School of Business | Baruch College  https://t.co/rprpLtBPql,en,[],['https://zicklin.baruch.cuny.edu/academic-programs/executive-programs/executive-mba-healthcare-administration/?utm_source=google&utm_medium=display&utm_campaign=exec20212022&gclid=EAIaIQobChMIk6qjkZXY9QIVDgRxCh0TbQYUEAEYASAAEgJRYfD_BwE'],[],0,0,0,[],[],https://twitter.com/LukeIsaacson2/status/1487575936748949510,False,,0,,,,,,,,[],,,,
1487575932177109001,1486717832742064142,2022-01-29 23:58:34 UTC,2022-01-29,23:58:34,+0000,23694334,rlnorthrop,Randy Northrop,,"@stevelpetty @Spotify Misinformation according to you. there are MANY healthcare professionals and scientists that agree with what Rogan is saying they have just been silenced by media. Regardless, right or wrong Freedom  to say what you think overrides all of it. #freedom @spotify",en,"[{'screen_name': 'spotify', 'name': 'spotify', 'id': '17230018'}]",[],[],2,1,6,['freedom'],[],https://twitter.com/rlnorthrop/status/1487575932177109001,False,,0,,,,,,,,"[{'screen_name': 'stevelpetty', 'name': 'AngryBoomer', 'id': '50206556'}, {'screen_name': 'Spotify', 'name': 'Spotify', 'id': '17230018'}]",,,,
1487575905543376899,1487574084045185025,2022-01-29 23:58:28 UTC,2022-01-29,23:58:28,+0000,1429050601082658819,exposeduf00l,Shank,,@kpak82 @StockMKTNewz Healthcare? Naw fuk that.  Give me a apache chopper capable of shooting down deathstar,en,[],[],[],0,0,0,[],[],https://twitter.com/exposedUf00l/status/1487575905543376899,False,,0,,,,,,,,"[{'screen_name': 'kpak82', 'name': 'kpak', 'id': '4866138899'}, {'screen_name': 'StockMKTNewz', 'name': 'Stock Market News', 'id': '1250830691824283648'}]",,,,
